Link,Rights holder,Created by,Created,Modified by,Modified,Specimen ID,Isolation date,Emergence date,Location in collection,General remarks,Collection,Subrepository,Exsiccata,Exsiccata no.,Additionalidentifiers,Preparations,Preparations.Count,Has sequences,Has cultures,Interactions,Sampling event.Timespan begin,Sampling event.Timespan end,Sampling event.Event description,Sampling event.Collected by,Sampling area.Locality text,Sampling area.Latitude,Sampling area.Longitude,Sampling area.Restricted,Sampling area.Project,Sampling area.Parent project,Sampling area.Name,Sampling area.Accuracy,Sampling area.Method,Sampling area.Country,Sampling area.State,Sampling area.District,Sampling area.Commune or City,Sampling area.Parent area name,Sampling area.Geometry field,Identification.Date identified,Identification.Taxon name add.,Identification.Typification,Identification.Remarks,Identification.Identifiers,Identification.Taxon name,Identification.Full taxon name,Identification.Current taxon name,Identification.Current full taxon name,Identification.Kingdom,Identification.Phylum,Identification.Class,Identification.Order,Identification.Family,Identification.Genus,Identification.Vernacular names,Identification.Taxon rank,Habitat.Description,Habitat.IUCN habitat type,Habitat.Community type acc. to Paal,Habitat.EUNIS habitat type,Habitat.Broad-scale environmental context (EnvO),Habitat.Local environmental context (EnvO),Habitat.Environmental medium (EnvO),Substrate.Substrate,Substrate.Substrate new name,Substrate.Type,Substrate.Text,Measurement: Weather description,Measurement: Remarks spec. attributes,Measurement: Establishment means,Measurement: Elevation min,Measurement: Elevation max,Measurement: UTM,Measurement: Site condition,Measurement: Previous habitat,Measurement: Age,Measurement: Lifestyle,Measurement: Nutritional group
https://app.plutof.ut.ee/specimen/view/1158525,Iryna Yatsiuk,Allan Zirk,2017-05-17 01:20:02.599478+00:00,plutof,2020-12-15T14:30:34Z,Пят3,,,,https://plutofodk.appspot.com/view/binaryData?blobKey=plutof-observation-form%5B%40version%3Dnull+and+%40uiVersion%3Dnull%5D%2Fplutof-observation-form%5B%40key%3Duuid%3A8e5f66bd-3505-4a39-b279-ece7e9091253%5D%2F_group_associated_data%3A_image,CWU - V. N. Karazin National University; V. N. Karazin Kharkiv National University,Department of Mycology and Plant Resistance,,,,,,,,,2017-04-17T13:47Z,,,Anton Savchenko,,50.08362667,36.26605833,,,,Ukraine,7,,Ukraine,,,,,SRID=4326;POINT (36.26605833 50.08362667),2017-04-17,,,,Iryna Yatsiuk,Sarcoscypha,"Sarcoscypha (Fr.) Boud., 1885",,,Fungi,Ascomycota,Pezizomycetes,Pezizales,Sarcoscyphaceae,,,Genus,,,,,,,,Plantae,,Deciduous branch,,,,,153,,,,,,,
https://app.plutof.ut.ee/specimen/view/1324803,Iryna Yatsiuk,Iryna Yatsiuk,2018-11-18 18:40:02.666069+00:00,CWU-Mycology Curator,2020-02-28T11:27:49Z,CWU(MYC)D0113,,,,,CWU - V. N. Karazin National University; V. N. Karazin Kharkiv National University,Department of Mycology and Plant Resistance,,,,,,,,,2012-04-10,,,Iryna Yatsiuk,"Chuguevo-Babchans'ky forest, Kochetoc'ke forestry",49.90576944,36.72308889,,,,"Ukraine, Kharkiv",10,GPS,Ukraine,,Kharkiv,Chuhuiv,,SRID=4326;POINT (36.72308889 49.90576944),2012,,,,Iryna Yatsiuk,Sarcoscypha austriaca,"Sarcoscypha austriaca (O. Beck ex Sacc.) Boud., 1907",,,Fungi,Ascomycota,Pezizomycetes,Pezizales,Sarcoscyphaceae,Sarcoscypha,,Species,Upland oak forest,,,,,,,,,Deciduous branch,On dead branches buried into the ground,,,,,,,Old-growth,,150,,
https://app.plutof.ut.ee/specimen/view/1324813,Iryna Yatsiuk,Iryna Yatsiuk,2018-11-18 18:40:21.206898+00:00,CWU-Mycology Curator,2020-02-28T11:27:49Z,CWU(MYC)D0123,,,,,CWU - V. N. Karazin National University; V. N. Karazin Kharkiv National University,Department of Mycology and Plant Resistance,,,,,,,,,2013-03-18,,,Iryna Yatsiuk,"National Park ""Homilsha forest"", Koropivs'ke forestry",49.61686111,36.33483889,,,,"Ukraine, Kharkiv",10,GPS,Ukraine,,Kharkiv,Zmiiv,,SRID=4326;POINT (36.33483889 49.61686111),2012,,,,Iryna Yatsiuk,Sarcoscypha coccinea,"Sarcoscypha coccinea (Jacq.) Sacc., 1889",,,Fungi,Ascomycota,Pezizomycetes,Pezizales,Sarcoscyphaceae,Sarcoscypha,,Species,Flooded oak forest,,,,,,,,,Deciduous branch,On dead branches 3 cm buried into the ground,,,,,,,Flooded,,90,,
https://app.plutof.ut.ee/specimen/view/1324816,Iryna Yatsiuk,Iryna Yatsiuk,2018-11-18 18:40:22.646275+00:00,CWU-Mycology Curator,2020-02-28T11:27:49Z,CWU(MYC)D0126,,,,,CWU - V. N. Karazin National University; V. N. Karazin Kharkiv National University,Department of Mycology and Plant Resistance,,,,,,,,,2012-04-08,,,Iryna Yatsiuk,"National Park ""Slobozhanskiy"", Parkhomivs'ke forestry",50.103739,35.176553,,,,"Ukraine, Kharkiv",10,GPS,Ukraine,,Kharkiv,Krasnokutsk,,SRID=4326;POINT (35.176553 50.103739),2012,,,,Iryna Yatsiuk,Sarcoscypha austriaca,"Sarcoscypha austriaca (O. Beck ex Sacc.) Boud., 1907",,,Fungi,Ascomycota,Pezizomycetes,Pezizales,Sarcoscyphaceae,Sarcoscypha,,Species,Oak forest,,,,,,,Alnus glutinosa (L.) Gaertn.,,Deciduous branch,On dead branches buried into the ground,,,,,,,,,80,,
https://app.plutof.ut.ee/specimen/view/1324820,Iryna Yatsiuk,Iryna Yatsiuk,2018-11-18 18:40:24.500459+00:00,CWU-Mycology Curator,2020-02-28T11:27:49Z,CWU(MYC)D0130,,,,,CWU - V. N. Karazin National University; V. N. Karazin Kharkiv National University,Department of Mycology and Plant Resistance,,,GL11,,,,,,2013-04-08,,,Iryna Yatsiuk,"National Park ""Homilsha forest"", Koropivs'ke forestry",49.604623,36.314129,,,,"Ukraine, Kharkiv",10,GPS,Ukraine,,Kharkiv,Zmiiv,,SRID=4326;POINT (36.314129 49.604623),2013,,,,Iryna Yatsiuk,Sarcoscypha austriaca,"Sarcoscypha austriaca (O. Beck ex Sacc.) Boud., 1907",,,Fungi,Ascomycota,Pezizomycetes,Pezizales,Sarcoscyphaceae,Sarcoscypha,,Species,Oak forest,,,,,,,,,Deciduous branch,On dead branches buried into the ground,,,,,,,,,,,
https://app.plutof.ut.ee/specimen/view/1344754,Iryna Yatsiuk,Iryna Yatsiuk,2019-01-17 13:18:33.624522+00:00,CWU-Mycology Curator,2020-02-28T11:27:49Z,CWU(MYC)D0064,,,,,CWU - V. N. Karazin National University; V. N. Karazin Kharkiv National University,Department of Mycology and Plant Resistance,,,,,,,,,2009-03-03,,,Iryna Yatsiuk,Carpathian mountains,48.125488,24.462846,,,,"Ukraine, Uzhgorod, Carpathian mountains",1000,MAP,Ukraine,,Uzhgorod,Rakhiv,,SRID=4326;POINT (24.462846 48.125488),2009,,,,Iryna Yatsiuk,Sarcoscypha austriaca,"Sarcoscypha austriaca (O. Beck ex Sacc.) Boud., 1907",,,Fungi,Ascomycota,Pezizomycetes,Pezizales,Sarcoscyphaceae,Sarcoscypha,,Species,,,,,,,,,,Deciduous branch,Dead wood buried in the ground,,,,,,,,,,,
https://app.plutof.ut.ee/specimen/view/1353581,Iryna Yatsiuk,Iryna Yatsiuk,2019-02-06 12:47:44.298136+00:00,CWU-Mycology Curator,2020-02-28T11:27:49Z,CWU(MYC)D0131,,,,,CWU - V. N. Karazin National University; V. N. Karazin Kharkiv National University,Department of Mycology and Plant Resistance,,,,,,,,,2013-04-08,,,Iryna Yatsiuk,"National Park ""Homilsha forest"", Koropivs'ke forestry",49.604623,36.31839,,,,"Ukraine, Kharkiv",10,GPS,Ukraine,,Kharkiv,Zmiiv,,SRID=4326;POINT (36.31839 49.604623),2013-04-08,,,,Iryna Yatsiuk,Sarcoscypha austriaca,"Sarcoscypha austriaca (O. Beck ex Sacc.) Boud., 1907",,,Fungi,Ascomycota,Pezizomycetes,Pezizales,Sarcoscyphaceae,Sarcoscypha,,Species,Upland oak forest,,,,,,,,,Deciduous branch,On dead branches buried into the ground,,,,,,,Old-growth,,150,,
https://app.plutof.ut.ee/specimen/view/1353582,Iryna Yatsiuk,Iryna Yatsiuk,2019-02-06 12:47:45.184027+00:00,CWU-Mycology Curator,2020-02-28T11:27:49Z,CWU(MYC)D0132,,,,,CWU - V. N. Karazin National University; V. N. Karazin Kharkiv National University,Department of Mycology and Plant Resistance,,,,,,,,,2013-04-07,,,Iryna Yatsiuk,"National Park ""Homilsha forest"", Koropivs'ke forestry",49.59789,36.312316,,,,"Ukraine, Kharkiv",10,GPS,Ukraine,,Kharkiv,Zmiiv,,SRID=4326;POINT (36.312316 49.59789),2013-04-07,,,,Iryna Yatsiuk,Sarcoscypha austriaca,"Sarcoscypha austriaca (O. Beck ex Sacc.) Boud., 1907",,,Fungi,Ascomycota,Pezizomycetes,Pezizales,Sarcoscyphaceae,Sarcoscypha,,Species,Forest dominated by Quercus robur and Fraxinus excelsior with Populus tremula,,,,,,,,,Deciduous branch,On dead branches buried into the ground,,,,,,,,,40-50,,
https://app.plutof.ut.ee/specimen/view/1353583,Iryna Yatsiuk,Iryna Yatsiuk,2019-02-06 12:47:46.013484+00:00,CWU-Mycology Curator,2020-02-28T11:27:49Z,CWU(MYC)D0133,,,,,CWU - V. N. Karazin National University; V. N. Karazin Kharkiv National University,Department of Mycology and Plant Resistance,,,,,,,,,2013-04-07,,,Iryna Yatsiuk,"National Park ""Homilsha forest"", Koropivs'ke forestry",49.591893,36.307136,,,,"Ukraine, Kharkiv",10,GPS,Ukraine,,Kharkiv,Zmiiv,,SRID=4326;POINT (36.307136 49.591893),2013-04-07,,,,Iryna Yatsiuk,Sarcoscypha austriaca,"Sarcoscypha austriaca (O. Beck ex Sacc.) Boud., 1907",,,Fungi,Ascomycota,Pezizomycetes,Pezizales,Sarcoscyphaceae,Sarcoscypha,,Species,Forest dominated by Quercus robur and Fraxinus excelsior with Populus tremula,,,,,,,,,Deciduous branch,On dead branches buried into the ground,,,,,,,,,40-50,,
https://app.plutof.ut.ee/specimen/view/1353584,Iryna Yatsiuk,Iryna Yatsiuk,2019-02-06 12:47:46.793777+00:00,CWU-Mycology Curator,2020-02-28T11:27:49Z,CWU(MYC)D0134,,,,,CWU - V. N. Karazin National University; V. N. Karazin Kharkiv National University,Department of Mycology and Plant Resistance,,,,,,,,,2013-04-07,,,Iryna Yatsiuk,"National Park ""Homilsha forest"", Koropivs'ke forestry",49.591889,36.30725,,,,"Ukraine, Kharkiv",10,GPS,Ukraine,,Kharkiv,Zmiiv,,SRID=4326;POINT (36.30725 49.591889),2013-04-07,,,,Iryna Yatsiuk,Sarcoscypha austriaca,"Sarcoscypha austriaca (O. Beck ex Sacc.) Boud., 1907",,,Fungi,Ascomycota,Pezizomycetes,Pezizales,Sarcoscyphaceae,Sarcoscypha,,Species,Upland oak forest,,,,,,,,,Deciduous branch,On dead branches buried into the ground,,,,,,,Old-growth,,150,,
https://app.plutof.ut.ee/specimen/view/1353585,Iryna Yatsiuk,Iryna Yatsiuk,2019-02-06 12:47:47.580663+00:00,CWU-Mycology Curator,2020-02-28T11:27:49Z,CWU(MYC)D0135,,,,,CWU - V. N. Karazin National University; V. N. Karazin Kharkiv National University,Department of Mycology and Plant Resistance,,,,,,,,,2013-04-07,,,Iryna Yatsiuk,"National Park ""Homilsha forest"", Koropivs'ke forestry",49.597781,36.312375,,,,"Ukraine, Kharkiv",10,GPS,Ukraine,,Kharkiv,Zmiiv,,SRID=4326;POINT (36.312375 49.597781),2013-04-07,,,,Iryna Yatsiuk,Sarcoscypha austriaca,"Sarcoscypha austriaca (O. Beck ex Sacc.) Boud., 1907",,,Fungi,Ascomycota,Pezizomycetes,Pezizales,Sarcoscyphaceae,Sarcoscypha,,Species,Forest dominated by Quercus robur and Fraxinus excelsior with Populus tremula,,,,,,,,,Deciduous branch,On dead branches buried into the ground,,,,,,,,,40-50,,
https://app.plutof.ut.ee/specimen/view/1353586,Iryna Yatsiuk,Iryna Yatsiuk,2019-02-06 12:47:48.374468+00:00,CWU-Mycology Curator,2020-02-28T11:27:49Z,CWU(MYC)D0136,,,,,CWU - V. N. Karazin National University; V. N. Karazin Kharkiv National University,Department of Mycology and Plant Resistance,,,,,,,,,2013-04-07,,,Iryna Yatsiuk,"National Park ""Homilsha forest"", Koropivs'ke forestry",49.597696,36.315051,,,,"Ukraine, Kharkiv",10,GPS,Ukraine,,Kharkiv,Zmiiv,,SRID=4326;POINT (36.315051 49.597696),2013-04-07,,,,Iryna Yatsiuk,Sarcoscypha austriaca,"Sarcoscypha austriaca (O. Beck ex Sacc.) Boud., 1907",,,Fungi,Ascomycota,Pezizomycetes,Pezizales,Sarcoscyphaceae,Sarcoscypha,,Species,Forest dominated by Quercus robur and Fraxinus excelsior with Populus tremula,,,,,,,,,Deciduous branch,On dead branches buried into the ground,,,,,,,,,40-50,,
https://app.plutof.ut.ee/specimen/view/1353587,Iryna Yatsiuk,Iryna Yatsiuk,2019-02-06 12:47:49.175868+00:00,CWU-Mycology Curator,2020-02-28T11:27:49Z,CWU(MYC)D0137,,,,,CWU - V. N. Karazin National University; V. N. Karazin Kharkiv National University,Department of Mycology and Plant Resistance,,,,,,,,,2013-04-08,,,Iryna Yatsiuk,"National Park ""Homilsha forest"", Koropivs'ke forestry",49.604623,36.314129,,,,"Ukraine, Kharkiv",10,GPS,Ukraine,,Kharkiv,Zmiiv,,SRID=4326;POINT (36.314129 49.604623),2013-04-08,,,,Iryna Yatsiuk,Sarcoscypha austriaca,"Sarcoscypha austriaca (O. Beck ex Sacc.) Boud., 1907",,,Fungi,Ascomycota,Pezizomycetes,Pezizales,Sarcoscyphaceae,Sarcoscypha,,Species,Upland oak forest,,,,,,,,,Deciduous branch,On dead branches buried into the ground,,,,,,,Old-growth,,150,,
https://app.plutof.ut.ee/specimen/view/1353590,Iryna Yatsiuk,Iryna Yatsiuk,2019-02-06 12:47:51.579888+00:00,CWU-Mycology Curator,2020-02-28T11:27:49Z,CWU(MYC)D0140,,,,,CWU - V. N. Karazin National University; V. N. Karazin Kharkiv National University,Department of Mycology and Plant Resistance,,,,,,,,,2013-04-08,,,Iryna Yatsiuk,"National Park ""Homilsha forest"", Koropivs'ke forestry",49.600775,36.315676,,,,"Ukraine, Kharkiv",10,GPS,Ukraine,,Kharkiv,Zmiiv,,SRID=4326;POINT (36.315676 49.600775),2013-04-08,,,,Iryna Yatsiuk,Sarcoscypha austriaca,"Sarcoscypha austriaca (O. Beck ex Sacc.) Boud., 1907",,,Fungi,Ascomycota,Pezizomycetes,Pezizales,Sarcoscyphaceae,Sarcoscypha,,Species,Forest dominated by Quercus robur and Fraxinus excelsior with Populus tremula,,,,,,,,,Deciduous branch,On dead branches buried into the ground,,,,,,,,,40-50,,
https://app.plutof.ut.ee/specimen/view/1368706,Iryna Yatsiuk,Iryna Yatsiuk,2019-04-06 13:59:33.198039+00:00,CWU-Mycology Curator,2020-02-28T11:27:49Z,CWU(MYC)D1001,,,,,CWU - V. N. Karazin National University; V. N. Karazin Kharkiv National University,Department of Mycology and Plant Resistance,,,Sarcoscypha1,,,True,,,2019-03-26,,,Iryna Yatsiuk,"National Park ""Homilsha forest"", Koropivs'ke forestry",49.60071,36.31787358,,,,"Ukraine, Kharkiv",10,GPS,Ukraine,,Kharkiv,Zmiiv,,SRID=4326;POINT (36.31787358 49.60071),2019-03-26,,,,Iryna Yatsiuk,Sarcoscypha,"Sarcoscypha (Fr.) Boud., 1885",,,Fungi,Ascomycota,Pezizomycetes,Pezizales,Sarcoscyphaceae,,,Genus,"Upland oak forest (Acer platanoides, Acer campestre, Fraxinus excelsior, Tilia cordata, Quercus robur, grasses - Carex pilosa)",,,,,,,,,Deciduous branch,On dead branches buried into the ground,,,,,,,,,50,,
https://app.plutof.ut.ee/specimen/view/1368708,Iryna Yatsiuk,Iryna Yatsiuk,2019-04-06 13:59:34.215204+00:00,CWU-Mycology Curator,2020-02-28T11:27:49Z,CWU(MYC)D1003,,,,,CWU - V. N. Karazin National University; V. N. Karazin Kharkiv National University,Department of Mycology and Plant Resistance,,,Sarcoscypha3,,,True,,,2019-03-26,,,Iryna Yatsiuk,"National Park ""Homilsha forest"", Koropivs'ke forestry",49.59719312,36.31772458,,,,"Ukraine, Kharkiv",10,GPS,Ukraine,,Kharkiv,Zmiiv,,SRID=4326;POINT (36.31772458 49.59719312),2019-03-26,,,,Iryna Yatsiuk,Sarcoscypha,"Sarcoscypha (Fr.) Boud., 1885",,,Fungi,Ascomycota,Pezizomycetes,Pezizales,Sarcoscyphaceae,,,Genus,"Oak forest, on ravine slope (Acer platanoides, Acer campestre, Fraxinus excelsior, Populus tremula, Quercus robur, grasses - Aegopodium podagraria)",,,,,,,,,,On dead branches buried into the ground,,,,,,,,,60,,
https://app.plutof.ut.ee/specimen/view/1368709,Iryna Yatsiuk,Iryna Yatsiuk,2019-04-06 13:59:34.702759+00:00,CWU-Mycology Curator,2020-02-28T11:27:49Z,CWU(MYC)D1004,,,,,CWU - V. N. Karazin National University; V. N. Karazin Kharkiv National University,Department of Mycology and Plant Resistance,,,Sarcoscypha4,,,True,,,2019-03-26,,,Iryna Yatsiuk,"National Park ""Homilsha forest"", Koropivs'ke forestry",49.59721438,36.31801,,,,"Ukraine, Kharkiv",10,GPS,Ukraine,,Kharkiv,Zmiiv,,SRID=4326;POINT (36.31801 49.59721438),2019-03-26,,,,Iryna Yatsiuk,Sarcoscypha,"Sarcoscypha (Fr.) Boud., 1885",,,Fungi,Ascomycota,Pezizomycetes,Pezizales,Sarcoscyphaceae,,,Genus,"Oak forest, on ravine slope (Acer platanoides, Acer campestre, Fraxinus excelsior, Populus tremula, Quercus robur, grasses - Aegopodium podagraria)",,,,,,,,,,On dead branches buried into the ground,,,,,,,Old-growth,,60,,
https://app.plutof.ut.ee/specimen/view/1368710,Iryna Yatsiuk,Iryna Yatsiuk,2019-04-06 13:59:35.156540+00:00,CWU-Mycology Curator,2020-02-28T11:27:49Z,CWU(MYC)D1005,,,,,CWU - V. N. Karazin National University; V. N. Karazin Kharkiv National University,Department of Mycology and Plant Resistance,,,Sarcoscypha5,,,True,,,2019-03-26,,,Iryna Yatsiuk,"National Park ""Homilsha forest"", Koropivs'ke forestry",49.59698529,36.31981999,,,,"Ukraine, Kharkiv",10,GPS,Ukraine,,Kharkiv,Zmiiv,,SRID=4326;POINT (36.31981999 49.59698529),2019-03-26,,,,Iryna Yatsiuk,Sarcoscypha austriaca,"Sarcoscypha austriaca (O. Beck ex Sacc.) Boud., 1907",,,Fungi,Ascomycota,Pezizomycetes,Pezizales,Sarcoscyphaceae,Sarcoscypha,,Species,"Oak forest, on ravine slope (Acer platanoides, Acer campestre, Fraxinus excelsior, Populus tremula, Quercus robur, grasses - Aegopodium podagraria)",,,,,,,,,,On dead branches buried into the ground,,,,,,,,,60,,
https://app.plutof.ut.ee/specimen/view/1368718,Iryna Yatsiuk,Iryna Yatsiuk,2019-04-06 14:06:26.614371+00:00,CWU-Mycology Curator,2020-02-28T11:27:49Z,CWU(MYC)D0519,,,,,CWU - V. N. Karazin National University; V. N. Karazin Kharkiv National University,Department of Mycology and Plant Resistance,,,,,,True,,,2017-05-01,,,Iryna Yatsiuk,"National Park ""Homilsha forest"", Koropivs'ke forestry",49.611985,36.324863,,,,"Ukraine, Kharkiv",10,GPS,Ukraine,,Kharkiv,Zmiiv,,SRID=4326;POINT (36.324863 49.611985),2017-05-01,,,,Iryna Yatsiuk,Sarcoscypha austriaca,"Sarcoscypha austriaca (O. Beck ex Sacc.) Boud., 1907",,,Fungi,Ascomycota,Pezizomycetes,Pezizales,Sarcoscyphaceae,Sarcoscypha,,Species,Aspen grove in upland oak forest,,,,,,,,,Deciduous branch,On dead branches buried into the ground,,,,,,,,,70,,
https://app.plutof.ut.ee/specimen/view/1368719,Iryna Yatsiuk,Iryna Yatsiuk,2019-04-06 14:06:27.059079+00:00,CWU-Mycology Curator,2020-02-28T11:27:49Z,CWU(MYC)D0524,,,,,CWU - V. N. Karazin National University; V. N. Karazin Kharkiv National University,Department of Mycology and Plant Resistance,,,,,,True,,,2017-05-01,,,Iryna Yatsiuk,"National Park ""Homilsha forest"", Koropivs'ke forestry",49.60669625,36.32751032,,,,"Ukraine, Kharkiv",10,GPS,Ukraine,,Kharkiv,Zmiiv,,SRID=4326;POINT (36.32751032 49.60669625),2017-05-01,,,,Iryna Yatsiuk,Sarcoscypha austriaca,"Sarcoscypha austriaca (O. Beck ex Sacc.) Boud., 1907",,,Fungi,Ascomycota,Pezizomycetes,Pezizales,Sarcoscyphaceae,Sarcoscypha,,Species,Oak forest,,,,,,,,,Deciduous branch,On dead branches buried into the ground,,,,,,,,,,,
https://app.plutof.ut.ee/specimen/view/1368720,Iryna Yatsiuk,Iryna Yatsiuk,2019-04-06 14:06:27.527889+00:00,CWU-Mycology Curator,2020-02-28T11:27:49Z,CWU(MYC)D0535,,,,,CWU - V. N. Karazin National University; V. N. Karazin Kharkiv National University,Department of Mycology and Plant Resistance,,,,,,True,,,2017-04-17,,,Yana Hetman,,50.600241,33.392214,,,,"Ukraine, Sumy, Perekopivka",500,MAP,Ukraine,,Sumy,Perekopivka,,SRID=4326;POINT (33.392214 50.600241),2017-04-19,,,,Iryna Yatsiuk,Sarcoscypha austriaca,"Sarcoscypha austriaca (O. Beck ex Sacc.) Boud., 1907",,,Fungi,Ascomycota,Pezizomycetes,Pezizales,Sarcoscyphaceae,Sarcoscypha,,Species,Upland oak forest,,,,,,,,,Deciduous branch,On dead branches buried into the ground,,,,,,,,,,,
https://app.plutof.ut.ee/specimen/view/1368721,Iryna Yatsiuk,Iryna Yatsiuk,2019-04-06 14:06:27.988695+00:00,CWU-Mycology Curator,2020-02-28T11:27:49Z,CWU(MYC)D0511,,,,,CWU - V. N. Karazin National University; V. N. Karazin Kharkiv National University,Department of Mycology and Plant Resistance,,,,,,,,,2017-04-30,,,Oleh Prylutskyi,"National Park ""Homilsha forest"", Koropivs'ke forestry",49.60103868,36.333244,,,,"Ukraine, Kharkiv",10,GPS,Ukraine,,Kharkiv,Zmiiv,,SRID=4326;POINT (36.333244 49.60103868),2017-05-01,,,,Iryna Yatsiuk,Sarcoscypha austriaca,"Sarcoscypha austriaca (O. Beck ex Sacc.) Boud., 1907",,,Fungi,Ascomycota,Pezizomycetes,Pezizales,Sarcoscyphaceae,Sarcoscypha,,Species,Aspen grove in upland oak forest,,,,,,,,,Deciduous branch,On dead branches buried into the ground,,,,,,,,,60,,
https://app.plutof.ut.ee/specimen/view/1368722,Iryna Yatsiuk,Iryna Yatsiuk,2019-04-06 14:06:28.401386+00:00,CWU-Mycology Curator,2020-02-28T11:27:49Z,CWU(MYC)D0343,,,,,CWU - V. N. Karazin National University; V. N. Karazin Kharkiv National University,Department of Mycology and Plant Resistance,,,,,,True,,,2012-04-12,,,Iryna Yatsiuk,Chuguevo-Babchanskiy forest,49.90866,36.71175,,,,"Ukraine, Kharkiv, Kochetock",10,GPS,Ukraine,,Kharkiv,Kochetock,,SRID=4326;POINT (36.71175 49.90866),2012-04-12,,,,Iryna Yatsiuk,Sarcoscypha austriaca,"Sarcoscypha austriaca (O. Beck ex Sacc.) Boud., 1907",,,Fungi,Ascomycota,Pezizomycetes,Pezizales,Sarcoscyphaceae,Sarcoscypha,,Species,"Marshy place in oak forest (Quercus robur, Acer campestre, Acer platanoides, Corylus avellana, Prunus padus)",,,,,,,,,Deciduous branch,On dead branches buried into the ground,,,,,,,Old-growth,,150,,
https://app.plutof.ut.ee/specimen/view/1368723,Iryna Yatsiuk,Iryna Yatsiuk,2019-04-06 14:06:28.841059+00:00,CWU-Mycology Curator,2020-02-28T11:27:49Z,CWU(MYC)D0414,,,,,CWU - V. N. Karazin National University; V. N. Karazin Kharkiv National University,Department of Mycology and Plant Resistance,,,,,,,,,2012-05-12,,,Iryna Yatsiuk,National Park 'Hetmanskiy',50.948882,35.04395,,,,"Ukraine, Sumy",10,GPS,Ukraine,,Sumy,Krasnopilsk,,SRID=4326;POINT (35.04395 50.948882),2012-05-12,,,,Iryna Yatsiuk,Sarcoscypha austriaca,"Sarcoscypha austriaca (O. Beck ex Sacc.) Boud., 1907",,,Fungi,Ascomycota,Pezizomycetes,Pezizales,Sarcoscyphaceae,Sarcoscypha,,Species,"Upland oak forest (Quercus robur, Tilia cordata, Ulmus glabra, Ligustrum vulgare, Corylus avellana)",,,,,,,,,Deciduous branch,On dead branches buried into the ground,,,,,,,Old-growth,,120,,
https://app.plutof.ut.ee/specimen/view/1368724,Iryna Yatsiuk,Iryna Yatsiuk,2019-04-06 14:06:29.404722+00:00,CWU-Mycology Curator,2020-02-28T11:27:49Z,CWU(MYC)D0509,,,,,CWU - V. N. Karazin National University; V. N. Karazin Kharkiv National University,Department of Mycology and Plant Resistance,,,,,,True,,,2017-04-17,,,Iryna Yatsiuk,Kharkiv Forest-Park,50.083552,36.26603,,,,"Ukraine, Kharkiv",10,GPS,Ukraine,,Kharkiv,Kharkiv,,SRID=4326;POINT (36.26603 50.083552),2017-04-17,,,,Iryna Yatsiuk,Sarcoscypha austriaca,"Sarcoscypha austriaca (O. Beck ex Sacc.) Boud., 1907",,,Fungi,Ascomycota,Pezizomycetes,Pezizales,Sarcoscyphaceae,Sarcoscypha,,Species,Aspen grove in upland oak forest,,,,,,,,,Deciduous branch,On dead branches buried into the ground,,,,,,,,,60,,
https://app.plutof.ut.ee/specimen/view/1384463,Iryna Yatsiuk,Iryna Yatsiuk,2019-06-10 11:12:29.547086+00:00,CWU-Mycology Curator,2020-02-28T11:27:49Z,CWU(MYC)D0613,,,,,CWU - V. N. Karazin National University; V. N. Karazin Kharkiv National University,Department of Mycology and Plant Resistance,,,,,,,,,2011-03-22,,,Iryna Yatsiuk,"National Nature Park 'Homilsha forest', Homilshanske forestry, 125 q., 8 ap.",49.508261,36.240604,,,,"Ukraine, Kharkiv, Zmiiv",100,MAP,Ukraine,,Kharkiv,Zmiiv,,SRID=4326;POINT (36.240604 49.508261),2011,,,,Iryna Yatsiuk,Sarcoscypha coccinea,"Sarcoscypha coccinea (Jacq.) Sacc., 1889",,,Fungi,Ascomycota,Pezizomycetes,Pezizales,Sarcoscyphaceae,Sarcoscypha,,Species,Upland oak forest,,,,,,,,,Deciduous twig,,,,,,,,Old-growth,,150,,
https://app.plutof.ut.ee/specimen/view/1384464,Iryna Yatsiuk,Iryna Yatsiuk,2019-06-10 11:12:30.041825+00:00,CWU-Mycology Curator,2020-02-28T11:27:49Z,CWU(MYC)D0614,,,,,CWU - V. N. Karazin National University; V. N. Karazin Kharkiv National University,Department of Mycology and Plant Resistance,,,,,,,,,2010-03-19,,,Iryna Yatsiuk,"National Nature Park 'Homilsha forest', Koropivske forestry, q.63",49.55961,36.32558,,,,"Ukraine, Kharkiv, Zmiiv",100,MAP,Ukraine,,Kharkiv,Zmiiv,,SRID=4326;POINT (36.32558 49.55961),2010,,,,Iryna Yatsiuk,Sarcoscypha austriaca,"Sarcoscypha austriaca (O. Beck ex Sacc.) Boud., 1907",,,Fungi,Ascomycota,Pezizomycetes,Pezizales,Sarcoscyphaceae,Sarcoscypha,,Species,Aspen forest,,,,,,,Corylus avellana L.,,Deciduous twig,,,,,,,,Old-growth,,70,,
https://app.plutof.ut.ee/specimen/view/1384466,Iryna Yatsiuk,Iryna Yatsiuk,2019-06-10 11:12:31.048767+00:00,Anton Savchenko,2020-05-26T10:02:56Z,CWU(MYC)D0616,,,,,CWU - V. N. Karazin National University; V. N. Karazin Kharkiv National University,Department of Mycology and Plant Resistance,,,,,,,,,2010-03-18,,,Oleh Prylutskyi,"National Nature Park 'Homilsha forest', Koropivske forestry, q.9, ap.25",49.61545,36.330963,,,,"Ukraine, Kharkiv, Zmiiv",100,MAP,Ukraine,,Kharkiv Oblast,Zmiivs'kyi district,,SRID=4326;POINT (36.330963 49.61545),2010,,,,Iryna Yatsiuk,Sarcoscypha austriaca,"Sarcoscypha austriaca (O. Beck ex Sacc.) Boud., 1907",,,Fungi,Ascomycota,Pezizomycetes,Pezizales,Sarcoscyphaceae,Sarcoscypha,,Species,"Mixed forest of Quercus robur, Fraxinus excelsior, TIlia cordata, Acer spp. and Pinus silvestris (planted)",,,,,,,,,Deciduous twig,,,,,,,,,,,,
https://app.plutof.ut.ee/specimen/view/1384467,Iryna Yatsiuk,Iryna Yatsiuk,2019-06-10 11:12:31.852115+00:00,CWU-Mycology Curator,2020-02-28T11:27:49Z,CWU(MYC)D0617,,,,,CWU - V. N. Karazin National University; V. N. Karazin Kharkiv National University,Department of Mycology and Plant Resistance,,,,,,,,,2011-03-21,,,Iryna Yatsiuk,"National Nature Park 'Homilsha forest', Homilshanske forestry, 103 q., 2 ap., on a forest road",49.54935,36.33033,,,,"Ukraine, Kharkiv, Zmiiv",200,MAP,Ukraine,,Kharkiv,Zmiiv,,SRID=4326;POINT (36.33033 49.54935),2011,,,cf.,Iryna Yatsiuk,Sarcoscypha coccinea,"Sarcoscypha coccinea (Jacq.) Sacc., 1889",,,Fungi,Ascomycota,Pezizomycetes,Pezizales,Sarcoscyphaceae,Sarcoscypha,,Species,Upland oak forest,,,,,,,,,Deciduous twig,,,,,,,,,,90,,
https://app.plutof.ut.ee/specimen/view/1384468,Iryna Yatsiuk,Iryna Yatsiuk,2019-06-10 11:12:32.390729+00:00,CWU-Mycology Curator,2020-02-28T11:27:49Z,CWU(MYC)D0618,,,,,CWU - V. N. Karazin National University; V. N. Karazin Kharkiv National University,Department of Mycology and Plant Resistance,,,,,,,,,2011-04-12,,,Iryna Yatsiuk,"National Nature Park 'Homilsha forest', Koropivske forestry, q.36",49.582,36.32615,,,,"Ukraine, Kharkiv, Zmiiv",100,MAP,Ukraine,,Kharkiv,Zmiiv,,SRID=4326;POINT (36.32615 49.582),2011,,,,Iryna Yatsiuk,Sarcoscypha austriaca,"Sarcoscypha austriaca (O. Beck ex Sacc.) Boud., 1907",,,Fungi,Ascomycota,Pezizomycetes,Pezizales,Sarcoscyphaceae,Sarcoscypha,,Species,"Aspen forest in ravine within the oak forest (Quercus robur, Populus tremula, Tilia cordata, Corylus avellana, Acer campestre)",,,,,,,,,Deciduous twig,,,,,,,,,,50,,
https://app.plutof.ut.ee/specimen/view/1536807,Yuliia Leshchenko,Yuliia Leshchenko,2021-03-16 13:09:52.325796+00:00,Yuliia Leshchenko,2022-12-11T21:38:14Z,CWU(MYC)8222,,,,,CWU - V. N. Karazin National University; V. N. Karazin Kharkiv National University,Department of Mycology and Plant Resistance,,,,,,,,,2020-03-06,,,Oksana Zlenko,"beyond the administrative boundary of the Kharkiv city, Landscape park ""Ecopark""",49.632002,36.354584,,,,"Ukraine, Kharkiv obl., Derhachi region",,,Ukraine,,Kharkiv obl.,Derhachi region,,SRID=4326;POINT (36.354584 49.632002),2020-06-26,,,,Yuliia Leshchenko,Sarcoscypha austriaca,"Sarcoscypha austriaca (O. Beck ex Sacc.) Boud., 1907",,,Fungi,Ascomycota,Pezizomycetes,Pezizales,Sarcoscyphaceae,Sarcoscypha,,Species,,,,,,,,,,Deciduous twig,"dead, litter-forming",,,,,,,,,,,
https://app.plutof.ut.ee/specimen/view/1536808,Yuliia Leshchenko,Yuliia Leshchenko,2021-03-16 13:09:52.664036+00:00,Yuliia Leshchenko,2022-12-11T21:53:36Z,CWU(MYC)8229,,,,,CWU - V. N. Karazin National University; V. N. Karazin Kharkiv National University,Department of Mycology and Plant Resistance,,,,,,,,,2020-03-07,,,Yana Hetman,,50.60502,33.41245,,,,"Ukraine, Summy obl., Romny region",,,Ukraine,,Summy obl.,Romny region,,SRID=4326;POINT (33.41245 50.60502),2020-06-26,,,,Yuliia Leshchenko,Sarcoscypha austriaca,"Sarcoscypha austriaca (O. Beck ex Sacc.) Boud., 1907",,,Fungi,Ascomycota,Pezizomycetes,Pezizales,Sarcoscyphaceae,Sarcoscypha,,Species,,,,,,,,,,Deciduous twig,"dead, litter-forming",,,,,,,,,,,
https://app.plutof.ut.ee/specimen/view/1536809,Yuliia Leshchenko,Yuliia Leshchenko,2021-03-16 13:09:52.819268+00:00,Yuliia Leshchenko,2022-12-12T12:55:33Z,CWU(MYC)8230,,,,,CWU - V. N. Karazin National University; V. N. Karazin Kharkiv National University,Department of Mycology and Plant Resistance,,,,,,,,,2020-03-09,,,Yuliia Leshchenko,"National nature park ""Homilsha forests""",49.616,36.326,,,,"Ukraine, Kharkiv obl., Zmiiv region",,,Ukraine,,Kharkiv obl.,Zmiiv region,,SRID=4326;POINT (36.326 49.616),2020-06-26,,,,Yuliia Leshchenko,Sarcoscypha austriaca,"Sarcoscypha austriaca (O. Beck ex Sacc.) Boud., 1907",,,Fungi,Ascomycota,Pezizomycetes,Pezizales,Sarcoscyphaceae,Sarcoscypha,,Species,"Oak forest, on ravine slope (Acer platanoides, Acer campestre, Fraxinus excelsior, Populus tremula, Quercus robur, grasses - Aegopodium podagraria)",,,,,,,,,Deciduous twig,"dead, litter-forming",,,,,,,,,,,
https://app.plutof.ut.ee/specimen/view/1536823,Yuliia Leshchenko,Yuliia Leshchenko,2021-03-16 13:18:02.690916+00:00,Yuliia Leshchenko,2022-12-11T21:35:54Z,CWU(MYC)8221,,,,,CWU - V. N. Karazin National University; V. N. Karazin Kharkiv National University,Department of Mycology and Plant Resistance,,,,,,,,,2020-03-02,,,Olha Schorohod,park area,50.262,31.765,,,,"Ukraine, Kyiv obl., Yahotyn region",,,Ukraine,,Kyiv obl.,Yahotyn region,,SRID=4326;POINT (31.765 50.262),2020-06-26,,,,Yuliia Leshchenko,Sarcoscypha austriaca,"Sarcoscypha austriaca (O. Beck ex Sacc.) Boud., 1907",,,Fungi,Ascomycota,Pezizomycetes,Pezizales,Sarcoscyphaceae,Sarcoscypha,,Species,,,,,,,,,,Deciduous twig,"dead, litter-forming",,,,,,,,,,,
https://app.plutof.ut.ee/specimen/view/1536824,Yuliia Leshchenko,Yuliia Leshchenko,2021-03-16 13:18:02.870565+00:00,Yuliia Leshchenko,2022-12-11T21:40:24Z,CWU(MYC)8223,,,,under the melting snow,CWU - V. N. Karazin National University; V. N. Karazin Kharkiv National University,Department of Mycology and Plant Resistance,,,,,,,,,2020-03-02,,,Tetiana Danchuk,under the melting snow,48.15884,24.802634,,,,"Ukraine, Ivano-Frankivsk obl., Verchovyna region",300,MAP,Ukraine,,Ivano-Frankivsk obl.,Verchovyna region,,SRID=4326;POINT (24.802634 48.15884),2020-06-26,,,,Yuliia Leshchenko,Sarcoscypha austriaca,"Sarcoscypha austriaca (O. Beck ex Sacc.) Boud., 1907",,,Fungi,Ascomycota,Pezizomycetes,Pezizales,Sarcoscyphaceae,Sarcoscypha,,Species,,,,,,,,,,Deciduous twig,"dead, litter-forming",,,,,,,,,,,
https://app.plutof.ut.ee/specimen/view/1536825,Yuliia Leshchenko,Yuliia Leshchenko,2021-03-16 13:18:03.058630+00:00,Yuliia Leshchenko,2022-12-11T21:33:33Z,CWU(MYC)8224,,,,,CWU - V. N. Karazin National University; V. N. Karazin Kharkiv National University,Department of Mycology and Plant Resistance,,,,,,,,,2020-03-01,,,Andiy Anikulaessi,,48.308477,25.839841,,,,"Ukraine, Chernivtsi obl.",2000,MAP,Ukraine,,Chernivtsi obl.,,,SRID=4326;POINT (25.839841 48.308477),2020-06-26,,,,Yuliia Leshchenko,Sarcoscypha coccinea,"Sarcoscypha coccinea (Jacq.) Sacc., 1889",,,Fungi,Ascomycota,Pezizomycetes,Pezizales,Sarcoscyphaceae,Sarcoscypha,,Species,,,,,,,,,,Deciduous twig,"dead, litter-forming",,,,,,,,,,,
https://app.plutof.ut.ee/specimen/view/1536826,Yuliia Leshchenko,Yuliia Leshchenko,2021-03-16 13:18:03.271940+00:00,Yuliia Leshchenko,2022-12-11T21:42:26Z,CWU(MYC)8225,,,,,CWU - V. N. Karazin National University; V. N. Karazin Kharkiv National University,Department of Mycology and Plant Resistance,,,,,,,,,2020-03-01,,,Zhanna Storozhenko,"National nature park ""Khotynskyi""",48.532924,26.432744,,,,"Ukraine, Chernivtsi obl., Khotyn region",,,Ukraine,,Chernivtsi obl.,Khotyn region,,SRID=4326;POINT (26.432744 48.532924),2020-06-26,,,,Yuliia Leshchenko,Sarcoscypha austriaca,"Sarcoscypha austriaca (O. Beck ex Sacc.) Boud., 1907",,,Fungi,Ascomycota,Pezizomycetes,Pezizales,Sarcoscyphaceae,Sarcoscypha,,Species,,,,,,,,,,Deciduous twig,"dead, litter-forming",,,,,,,,,,,
https://app.plutof.ut.ee/specimen/view/1536827,Yuliia Leshchenko,Yuliia Leshchenko,2021-03-16 13:18:03.442484+00:00,Yuliia Leshchenko,2022-12-11T21:44:29Z,CWU(MYC)8226,,,,,CWU - V. N. Karazin National University; V. N. Karazin Kharkiv National University,Department of Mycology and Plant Resistance,,,,,,,,,2020-02-29,,,Kateryna Fedorova,Desnyanskyi district,50.511167,30.680278,,,,"Ukraine, Kyiv obl., Kyiv",,,Ukraine,,Kyiv obl.,Kyiv,,SRID=4326;POINT (30.680278 50.511167),2020-06-26,,,,Yuliia Leshchenko,Sarcoscypha austriaca,"Sarcoscypha austriaca (O. Beck ex Sacc.) Boud., 1907",,,Fungi,Ascomycota,Pezizomycetes,Pezizales,Sarcoscyphaceae,Sarcoscypha,,Species,floodplain Betula and Alnus forest,,,,,,,,,Deciduous twig,"dead, litter-forming",,,,,,,,,,,
https://app.plutof.ut.ee/specimen/view/1536828,Yuliia Leshchenko,Yuliia Leshchenko,2021-03-16 13:18:03.665758+00:00,Yuliia Leshchenko,2022-12-11T21:48:07Z,CWU(MYC)8227,,,,,CWU - V. N. Karazin National University; V. N. Karazin Kharkiv National University,Department of Mycology and Plant Resistance,,,,,,,,,2020-03-07,,,Tatiana Gorelova,,48.589772,34.623705,,,,"Ukraine, Dnipro obl., Kamyanske",300,MAP,Ukraine,,Dnipro obl.,Kamyanske,,SRID=4326;POINT (34.623705 48.589772),2020-06-26,,,,Yuliia Leshchenko,Sarcoscypha austriaca,"Sarcoscypha austriaca (O. Beck ex Sacc.) Boud., 1907",,,Fungi,Ascomycota,Pezizomycetes,Pezizales,Sarcoscyphaceae,Sarcoscypha,,Species,"gully, arroyo deciduous forest",,,,,,,,,Deciduous twig,"dead, litter-forming",,,,,,,,,,,
https://app.plutof.ut.ee/specimen/view/1536829,Yuliia Leshchenko,Yuliia Leshchenko,2021-03-16 13:18:03.888997+00:00,Yuliia Leshchenko,2022-12-11T21:50:14Z,CWU(MYC)8228,,,,,CWU - V. N. Karazin National University; V. N. Karazin Kharkiv National University,Department of Mycology and Plant Resistance,,,,,,,,,2019-03-31,,,Svitlana Ovsyanyk,,50.594307,30.492203,,,,"Ukraine, Kyiv obl., Vyshhorod",300,MAP,Ukraine,,Kyiv obl.,Vyshhorod,,SRID=4326;POINT (30.492203 50.594307),2020-06-26,,,,Yuliia Leshchenko,Sarcoscypha austriaca,"Sarcoscypha austriaca (O. Beck ex Sacc.) Boud., 1907",,,Fungi,Ascomycota,Pezizomycetes,Pezizales,Sarcoscyphaceae,Sarcoscypha,,Species,Robinia pseudoacacia grove,,,,,,,Robinia pseudoacacia L.,,Deciduous twig,"dead, litter-forming",,,,,,,,,,,
https://app.plutof.ut.ee/specimen/view/1536832,Yuliia Leshchenko,Yuliia Leshchenko,2021-03-16 13:25:29.836462+00:00,Yuliia Leshchenko,2022-12-12T13:15:30Z,CWU(MYC)8231,,,,,CWU - V. N. Karazin National University; V. N. Karazin Kharkiv National University,Department of Mycology and Plant Resistance,,,,,,,,,2020-03-13,,,Alisa Atamanchuk,"National nature park ""Holosiivskyi""",50.366083,30.49325,,,,"Ukraine, Kyiv obl., Kyiv",,,Ukraine,,Kyiv obl.,Kyiv,,SRID=4326;POINT (30.49325 50.366083),2020-06-26,,,,Yuliia Leshchenko,Sarcoscypha austriaca,"Sarcoscypha austriaca (O. Beck ex Sacc.) Boud., 1907",,,Fungi,Ascomycota,Pezizomycetes,Pezizales,Sarcoscyphaceae,Sarcoscypha,,Species,deciduous forest of Carpinus and Quercus,,,,,,,,,Deciduous twig,"dead, litter-forming",,,,,,,,,,,
https://app.plutof.ut.ee/specimen/view/1536833,Yuliia Leshchenko,Yuliia Leshchenko,2021-03-16 13:25:30.160870+00:00,Yuliia Leshchenko,2022-12-12T13:21:58Z,CWU(MYC)8233,,,,,CWU - V. N. Karazin National University; V. N. Karazin Kharkiv National University,Department of Mycology and Plant Resistance,,,,,,,,,2020-03-14,,,Ostap Bohoslavets,eastern slope of Horodyshche mountain,48.6425,24.558333,,,,"Ukraine, Ivano-Frankivsk obl., Nadvirna region",,,Ukraine,,Ivano-Frankivsk obl.,Nadvirna region,,SRID=4326;POINT (24.558333 48.6425),2020-06-26,,,,Yuliia Leshchenko,Sarcoscypha austriaca,"Sarcoscypha austriaca (O. Beck ex Sacc.) Boud., 1907",,,Fungi,Ascomycota,Pezizomycetes,Pezizales,Sarcoscyphaceae,Sarcoscypha,,Species,"deciduous foret with Fagus sylvatica, Carpinus betulus in the majority, with an admixture of Quercus robur and Prunus subg. Cerasus sp.",,,,,,,,,Deciduous twig,"dead fallen decorticated branch, 2-4 cm in diam.",,,,,,,,,,,
https://app.plutof.ut.ee/specimen/view/1536834,Yuliia Leshchenko,Yuliia Leshchenko,2021-03-16 13:25:30.324751+00:00,Yuliia Leshchenko,2022-12-12T13:27:32Z,CWU(MYC)8234,,,,,CWU - V. N. Karazin National University; V. N. Karazin Kharkiv National University,Department of Mycology and Plant Resistance,,,,,,,,,2020-02-28,,,Maksym Yosypenko,"botanical monument of nature ""Bukovinka""",48.612833,24.5905,,,,"Ukraine, Ivano-Frankivsk obl., Nadvirna region",,,Ukraine,,Ivano-Frankivsk obl.,Nadvirna region,,SRID=4326;POINT (24.5905 48.612833),2020-06-26,,,,Yuliia Leshchenko,Sarcoscypha austriaca,"Sarcoscypha austriaca (O. Beck ex Sacc.) Boud., 1907",,,Fungi,Ascomycota,Pezizomycetes,Pezizales,Sarcoscyphaceae,Sarcoscypha,,Species,Betula obscura forest,,,,,,,,,Deciduous twig,"dead, litter-forming",,,,,,,,,,,
https://app.plutof.ut.ee/specimen/view/1536835,Yuliia Leshchenko,Yuliia Leshchenko,2021-03-16 13:25:30.504081+00:00,Yuliia Leshchenko,2022-12-12T13:29:11Z,CWU(MYC)8235,,,,,CWU - V. N. Karazin National University; V. N. Karazin Kharkiv National University,Department of Mycology and Plant Resistance,,,,,,,,,2020-02-22,,,Anna Lukava,,49.30527,32.082543,,,,"Ukraine, Cherkasy obl., Cherkasy region",,,Ukraine,,Cherkasy obl.,Cherkasy region,,SRID=4326;POINT (32.082543 49.30527),2020-06-26,,,,Yuliia Leshchenko,Sarcoscypha austriaca,"Sarcoscypha austriaca (O. Beck ex Sacc.) Boud., 1907",,,Fungi,Ascomycota,Pezizomycetes,Pezizales,Sarcoscyphaceae,Sarcoscypha,,Species,"Acer sp., swamp",,,,,,,Acer,,Deciduous twig,"dead, litter-forming",,,,,,,,,,,
https://app.plutof.ut.ee/specimen/view/1536836,Yuliia Leshchenko,Yuliia Leshchenko,2021-03-16 13:25:30.662925+00:00,Yuliia Leshchenko,2022-12-12T13:37:14Z,CWU(MYC)8236,,,,,CWU - V. N. Karazin National University; V. N. Karazin Kharkiv National University,Department of Mycology and Plant Resistance,,,,,,,,,2020-03-15,,,Stepan Stepanyuk,,50.606161,30.400756,,,,"Ukraine, Kyiv obl., Vyshhorod region",,,Ukraine,,Kyiv obl.,Vyshhorod region,,SRID=4326;POINT (30.400756 50.606161),2020-06-26,,,,Yuliia Leshchenko,Sarcoscypha austriaca,"Sarcoscypha austriaca (O. Beck ex Sacc.) Boud., 1907",,,Fungi,Ascomycota,Pezizomycetes,Pezizales,Sarcoscyphaceae,Sarcoscypha,,Species,,,,,,,,,,Deciduous twig,"dead, litter-forming",,,,,,,,,,,
https://app.plutof.ut.ee/specimen/view/1536837,Yuliia Leshchenko,Yuliia Leshchenko,2021-03-16 13:25:30.840402+00:00,Yuliia Leshchenko,2022-12-12T13:40:52Z,CWU(MYC)8237,,,,,CWU - V. N. Karazin National University; V. N. Karazin Kharkiv National University,Department of Mycology and Plant Resistance,,,,,,,,,2020-03-15,,,Volodymyr Yanush,,50.609341,24.125017,,,,"Ukraine, Lviv obl., Sokal' region",,,Ukraine,,Lviv obl.,Sokal' region,,SRID=4326;POINT (24.125017 50.609341),2020-06-26,,,,Yuliia Leshchenko,Sarcoscypha austriaca,"Sarcoscypha austriaca (O. Beck ex Sacc.) Boud., 1907",,,Fungi,Ascomycota,Pezizomycetes,Pezizales,Sarcoscyphaceae,Sarcoscypha,,Species,deciduous forest with Juglans regia,,,,,,,Juglans regia L.,,Deciduous twig,"dead, litter-forming",,,,,,,,,,,
https://app.plutof.ut.ee/specimen/view/1536838,Yuliia Leshchenko,Yuliia Leshchenko,2021-03-16 13:25:30.999756+00:00,Yuliia Leshchenko,2022-12-12T13:44:19Z,CWU(MYC)8238,,,,,CWU - V. N. Karazin National University; V. N. Karazin Kharkiv National University,Department of Mycology and Plant Resistance,,,,,,,,,2020-03-13,,,Olena Mis'kova,,51.249205,33.923197,,,,"Ukraine, Summy obl., Putyvl' region",,,Ukraine,,Summy obl.,Putyvl' region,,SRID=4326;POINT (33.923197 51.249205),2020-06-26,,,,Yuliia Leshchenko,Sarcoscypha austriaca,"Sarcoscypha austriaca (O. Beck ex Sacc.) Boud., 1907",,,Fungi,Ascomycota,Pezizomycetes,Pezizales,Sarcoscyphaceae,Sarcoscypha,,Species,deciduous forest,,,,,,,,,Deciduous twig,"dead, litter-forming",,,,,,,,,,,
https://app.plutof.ut.ee/specimen/view/1536839,Yuliia Leshchenko,Yuliia Leshchenko,2021-03-16 13:25:31.152734+00:00,Yuliia Leshchenko,2021-03-16T13:25:31Z,CWU(MYC)8239,,,,,CWU - V. N. Karazin National University; V. N. Karazin Kharkiv National University,Department of Mycology and Plant Resistance,,,,,,,,,2020-03-21,,,Eugen Kanibolotskyi,,50.3728833,31.4384083,,,,"Ukraine, Kyiv obl., Bakumivka",,,Ukraine,,Kyiv obl.,Bakumivka,,SRID=4326;POINT (31.4384083 50.3728833),2020-06-26,,,,Yuliia Leshchenko,Sarcoscypha austriaca,"Sarcoscypha austriaca (O. Beck ex Sacc.) Boud., 1907",,,Fungi,Ascomycota,Pezizomycetes,Pezizales,Sarcoscyphaceae,Sarcoscypha,,Species,old growth Quercus robur forest,,,,,,,,,Deciduous twig,"dead, litter-forming",,,,,,,,,,,
https://app.plutof.ut.ee/specimen/view/1536840,Yuliia Leshchenko,Yuliia Leshchenko,2021-03-16 13:25:31.304822+00:00,Yuliia Leshchenko,2022-12-12T13:46:09Z,CWU(MYC)8240,,,,,CWU - V. N. Karazin National University; V. N. Karazin Kharkiv National University,Department of Mycology and Plant Resistance,,,,,,,,,2020-03-15,,,Volodymyr Yanush,,50.603306,24.138361,,,,"Ukraine, Lviv obl., Sokal' region",,,Ukraine,,Lviv obl.,Sokal' region,,SRID=4326;POINT (24.138361 50.603306),2020-06-26,,,,Yuliia Leshchenko,Sarcoscypha austriaca,"Sarcoscypha austriaca (O. Beck ex Sacc.) Boud., 1907",,,Fungi,Ascomycota,Pezizomycetes,Pezizales,Sarcoscyphaceae,Sarcoscypha,,Species,deciduous forest with Quercus robur,,,,,,,,,Deciduous twig,"dead, litter-forming",,,,,,,,,,,
https://app.plutof.ut.ee/specimen/view/1536841,Yuliia Leshchenko,Yuliia Leshchenko,2021-03-16 13:25:31.432483+00:00,Yuliia Leshchenko,2022-12-12T13:49:22Z,CWU(MYC)8241,,,,,CWU - V. N. Karazin National University; V. N. Karazin Kharkiv National University,Department of Mycology and Plant Resistance,,,,,,,,,2020-03-15,,,Volodymyr Yanush,,50.601806,24.134,,,,"Ukraine, Lviv obl., Sokal' region",,,Ukraine,,Lviv obl.,Sokal' region,,SRID=4326;POINT (24.134 50.601806),2020-06-26,,,,Yuliia Leshchenko,Sarcoscypha austriaca,"Sarcoscypha austriaca (O. Beck ex Sacc.) Boud., 1907",,,Fungi,Ascomycota,Pezizomycetes,Pezizales,Sarcoscyphaceae,Sarcoscypha,,Species,deciduous forest with Quercus robur and Alnus glutinosa,,,,,,,,,Deciduous twig,"dead, litter-forming",,,,,,,,,,,
https://app.plutof.ut.ee/specimen/view/1536844,Yuliia Leshchenko,Yuliia Leshchenko,2021-03-16 13:27:50.435250+00:00,Yuliia Leshchenko,2022-12-12T13:50:27Z,CWU(MYC)8242,,,,,CWU - V. N. Karazin National University; V. N. Karazin Kharkiv National University,Department of Mycology and Plant Resistance,,,,,,,,,2020-03-15,,,Volodymyr Yanush,,50.60175,24.133639,,,,"Ukraine, Lviv obl., Sokal' region",,,Ukraine,,Lviv obl.,Sokal' region,,SRID=4326;POINT (24.133639 50.60175),2020-06-26,,,,Yuliia Leshchenko,Sarcoscypha austriaca,"Sarcoscypha austriaca (O. Beck ex Sacc.) Boud., 1907",,,Fungi,Ascomycota,Pezizomycetes,Pezizales,Sarcoscyphaceae,Sarcoscypha,,Species,deciduous forest with Quercus robur and Alnus glutinosa,,,,,,,,,Deciduous twig,"dead, litter-forming",,,,,,,,,,,
https://app.plutof.ut.ee/specimen/view/1536845,Yuliia Leshchenko,Yuliia Leshchenko,2021-03-16 13:27:50.620009+00:00,Yuliia Leshchenko,2022-12-12T13:52:12Z,CWU(MYC)8243,,,,,CWU - V. N. Karazin National University; V. N. Karazin Kharkiv National University,Department of Mycology and Plant Resistance,,,,,,,,,2020-03-15,,,Volodymyr Yanush,,50.600156,24.118961,,,,"Ukraine, Lviv obl., Sokal' region",,,Ukraine,,Lviv obl.,Sokal' region,,SRID=4326;POINT (24.118961 50.600156),2020-06-26,,,,Yuliia Leshchenko,Sarcoscypha austriaca,"Sarcoscypha austriaca (O. Beck ex Sacc.) Boud., 1907",,,Fungi,Ascomycota,Pezizomycetes,Pezizales,Sarcoscyphaceae,Sarcoscypha,,Species,deciduous forest with Quercus robur and Alnus glutinosa,,,,,,,,,Deciduous twig,"dead, litter-forming",,,,,,,,,,,
https://app.plutof.ut.ee/specimen/view/1536846,Yuliia Leshchenko,Yuliia Leshchenko,2021-03-16 13:27:50.760538+00:00,Yuliia Leshchenko,2021-03-18T23:38:16Z,CWU(MYC)8244,,,,,CWU - V. N. Karazin National University; V. N. Karazin Kharkiv National University,Department of Mycology and Plant Resistance,,,,,,,,,2020-03-29,,,Vitaliy Gukov,"National nature park ""Homilsha forests""",49.567444,36.274444,,,,"Ukraine, Kharkiv obl., Zmiiv region",,,Ukraine,,Kharkiv obl.,Zmiiv region,,SRID=4326;POINT (36.274444 49.567444),2020-06-26,,,,Yuliia Leshchenko,Sarcoscypha austriaca,"Sarcoscypha austriaca (O. Beck ex Sacc.) Boud., 1907",,,Fungi,Ascomycota,Pezizomycetes,Pezizales,Sarcoscyphaceae,Sarcoscypha,,Species,"Oak forest, on ravine slope (Acer platanoides, Acer campestre, Fraxinus excelsior, Populus tremula, Quercus robur, grasses - Aegopodium podagraria)",,,,,,,,,Deciduous twig,"dead, litter-forming",,,,,,,,,,,
https://app.plutof.ut.ee/specimen/view/1536847,Yuliia Leshchenko,Yuliia Leshchenko,2021-03-16 13:27:50.933403+00:00,Yuliia Leshchenko,2021-03-18T23:38:54Z,CWU(MYC)8245,,,,,CWU - V. N. Karazin National University; V. N. Karazin Kharkiv National University,Department of Mycology and Plant Resistance,,,,,,,,,2020-03-29,,,Vitaliy Gukov,"National nature park ""Homilsha forests""",49.56979,36.29565,,,,"Ukraine, Kharkiv obl., Zmiiv region",,,Ukraine,,Kharkiv obl.,Zmiiv region,,SRID=4326;POINT (36.29565 49.56979),2020-06-26,,,,Yuliia Leshchenko,Sarcoscypha austriaca,"Sarcoscypha austriaca (O. Beck ex Sacc.) Boud., 1907",,,Fungi,Ascomycota,Pezizomycetes,Pezizales,Sarcoscyphaceae,Sarcoscypha,,Species,"Oak forest, on ravine slope (Acer platanoides, Acer campestre, Fraxinus excelsior, Populus tremula, Quercus robur, grasses - Aegopodium podagraria)",,,,,,,,,Deciduous twig,"dead, litter-forming",,,,,,,,,,,
https://app.plutof.ut.ee/specimen/view/1536848,Yuliia Leshchenko,Yuliia Leshchenko,2021-03-16 13:27:51.073618+00:00,Yuliia Leshchenko,2021-03-18T23:39:35Z,CWU(MYC)8246,,,,,CWU - V. N. Karazin National University; V. N. Karazin Kharkiv National University,Department of Mycology and Plant Resistance,,,,,,,,,2020-03-29,,,Vitaliy Gukov,"National nature park ""Homilsha forests""",49.57169,36.29734,,,,"Ukraine, Kharkiv obl., Zmiiv region",,,Ukraine,,Kharkiv obl.,Zmiiv region,,SRID=4326;POINT (36.29734 49.57169),2020-06-26,,,,Yuliia Leshchenko,Sarcoscypha austriaca,"Sarcoscypha austriaca (O. Beck ex Sacc.) Boud., 1907",,,Fungi,Ascomycota,Pezizomycetes,Pezizales,Sarcoscyphaceae,Sarcoscypha,,Species,"Oak forest, on ravine slope (Acer platanoides, Acer campestre, Fraxinus excelsior, Populus tremula, Quercus robur, grasses - Aegopodium podagraria)",,,,,,,,,Deciduous twig,"dead, litter-forming",,,,,,,,,,,
https://app.plutof.ut.ee/specimen/view/1536849,Yuliia Leshchenko,Yuliia Leshchenko,2021-03-16 13:27:51.214678+00:00,Yuliia Leshchenko,2021-03-18T23:40:05Z,CWU(MYC)8247,,,,,CWU - V. N. Karazin National University; V. N. Karazin Kharkiv National University,Department of Mycology and Plant Resistance,,,,,,,,,2020-03-29,,,Vitaliy Gukov,"National nature park ""Homilsha forests""",49.57455,36.30353,,,,"Ukraine, Kharkiv obl., Zmiiv region",,,Ukraine,,Kharkiv obl.,Zmiiv region,,SRID=4326;POINT (36.30353 49.57455),2020-06-26,,,,Yuliia Leshchenko,Sarcoscypha austriaca,"Sarcoscypha austriaca (O. Beck ex Sacc.) Boud., 1907",,,Fungi,Ascomycota,Pezizomycetes,Pezizales,Sarcoscyphaceae,Sarcoscypha,,Species,"Oak forest, on ravine slope (Acer platanoides, Acer campestre, Fraxinus excelsior, Populus tremula, Quercus robur, grasses - Aegopodium podagraria)",,,,,,,,,Deciduous twig,"dead, litter-forming",,,,,,,,,,,
https://app.plutof.ut.ee/specimen/view/1536850,Yuliia Leshchenko,Yuliia Leshchenko,2021-03-16 13:27:51.355337+00:00,Yuliia Leshchenko,2021-03-18T23:40:42Z,CWU(MYC)8248,,,,,CWU - V. N. Karazin National University; V. N. Karazin Kharkiv National University,Department of Mycology and Plant Resistance,,,,,,,,,2020-03-29,,,Vitaliy Gukov,"National nature park ""Homilsha forests""",49.60901,36.31982,,,,"Ukraine, Kharkiv obl., Zmiiv region",,,Ukraine,,Kharkiv obl.,Zmiiv region,,SRID=4326;POINT (36.31982 49.60901),2020-06-26,,,,Yuliia Leshchenko,Sarcoscypha austriaca,"Sarcoscypha austriaca (O. Beck ex Sacc.) Boud., 1907",,,Fungi,Ascomycota,Pezizomycetes,Pezizales,Sarcoscyphaceae,Sarcoscypha,,Species,"Oak forest, on ravine slope (Acer platanoides, Acer campestre, Fraxinus excelsior, Populus tremula, Quercus robur, grasses - Aegopodium podagraria)",,,,,,,,,Deciduous twig,"dead, litter-forming",,,,,,,,,,,
https://app.plutof.ut.ee/specimen/view/1536851,Yuliia Leshchenko,Yuliia Leshchenko,2021-03-16 13:27:51.493344+00:00,Yuliia Leshchenko,2021-03-18T23:41:06Z,CWU(MYC)8249,,,,,CWU - V. N. Karazin National University; V. N. Karazin Kharkiv National University,Department of Mycology and Plant Resistance,,,,,,,,,2020-03-29,,,Vitaliy Gukov,"National nature park ""Homilsha forests""",49.60569,36.30715,,,,"Ukraine, Kharkiv obl., Zmiiv region",,,Ukraine,,Kharkiv obl.,Zmiiv region,,SRID=4326;POINT (36.30715 49.60569),2020-06-26,,,,Yuliia Leshchenko,Sarcoscypha austriaca,"Sarcoscypha austriaca (O. Beck ex Sacc.) Boud., 1907",,,Fungi,Ascomycota,Pezizomycetes,Pezizales,Sarcoscyphaceae,Sarcoscypha,,Species,"Oak forest, on ravine slope (Acer platanoides, Acer campestre, Fraxinus excelsior, Populus tremula, Quercus robur, grasses - Aegopodium podagraria)",,,,,,,,,Deciduous twig,"dead, litter-forming",,,,,,,,,,,
https://app.plutof.ut.ee/specimen/view/1536852,Yuliia Leshchenko,Yuliia Leshchenko,2021-03-16 13:27:51.712576+00:00,Yuliia Leshchenko,2022-12-12T13:53:31Z,CWU(MYC)8250,,,,,CWU - V. N. Karazin National University; V. N. Karazin Kharkiv National University,Department of Mycology and Plant Resistance,,,,,,,,,2020-03-15,,,Ludnyla Kulievich,,48.104891,25.656741,,,,"Ukraine, Chernivtsi obl., Storozhynets region",,,Ukraine,,Chernivtsi obl.,Storozhynets region,,SRID=4326;POINT (25.656741 48.104891),2020-06-26,,,,Yuliia Leshchenko,Sarcoscypha austriaca,"Sarcoscypha austriaca (O. Beck ex Sacc.) Boud., 1907",,,Fungi,Ascomycota,Pezizomycetes,Pezizales,Sarcoscyphaceae,Sarcoscypha,,Species,,,,,,,,,,Deciduous twig,"dead, litter-forming",,,,,,,,,,,
https://app.plutof.ut.ee/specimen/view/1536853,Yuliia Leshchenko,Yuliia Leshchenko,2021-03-16 13:27:51.861495+00:00,Yuliia Leshchenko,2022-12-12T13:57:47Z,CWU(MYC)8251,,,,,CWU - V. N. Karazin National University; V. N. Karazin Kharkiv National University,Department of Mycology and Plant Resistance,,,,,,,,,2020-03-21,,,Ludnyla Kulievich,,48.218025,25.78077,,,,"Ukraine, Chernivtsi obl., Storozhynets region",,,Ukraine,,Chernivtsi obl.,Storozhynets region,,SRID=4326;POINT (25.78077 48.218025),2020-06-26,,,,Yuliia Leshchenko,Sarcoscypha austriaca,"Sarcoscypha austriaca (O. Beck ex Sacc.) Boud., 1907",,,Fungi,Ascomycota,Pezizomycetes,Pezizales,Sarcoscyphaceae,Sarcoscypha,,Species,,,,,,,,,,Deciduous twig,"dead, litter-forming",,,,,,,,,,,
https://app.plutof.ut.ee/specimen/view/1536859,Yuliia Leshchenko,Yuliia Leshchenko,2021-03-16 13:31:06.760306+00:00,Yuliia Leshchenko,2022-12-12T13:56:15Z,CWU(MYC)8252,,,,,CWU - V. N. Karazin National University; V. N. Karazin Kharkiv National University,Department of Mycology and Plant Resistance,,,,,,,,,2020-04-01,,,Natalia Sudakova,,51.148474,31.808496,,,,"Ukraine, Chernivtsi obl., Nizhyn region",300,MAP,Ukraine,,Chernivtsi obl.,Nizhyn region,,SRID=4326;POINT (31.808496 51.148474),2020-06-26,,,,Yuliia Leshchenko,Sarcoscypha austriaca,"Sarcoscypha austriaca (O. Beck ex Sacc.) Boud., 1907",,,Fungi,Ascomycota,Pezizomycetes,Pezizales,Sarcoscyphaceae,Sarcoscypha,,Species,,,,,,,,,,Deciduous twig,"dead, litter-forming",,,,,,,,,,,
https://app.plutof.ut.ee/specimen/view/1536860,Yuliia Leshchenko,Yuliia Leshchenko,2021-03-16 13:31:06.934089+00:00,Yuliia Leshchenko,2022-12-12T13:58:59Z,CWU(MYC)8253,,,,,CWU - V. N. Karazin National University; V. N. Karazin Kharkiv National University,Department of Mycology and Plant Resistance,,,,,,,,,2020-03-27,,,Natalia Sudakova,,51.010433,32.107874,,,,"Ukraine, Chernivtsi obl., Nizhyn region",300,MAP,Ukraine,,Chernivtsi obl.,Nizhyn region,,SRID=4326;POINT (32.107874 51.010433),2020-06-26,,,,Yuliia Leshchenko,Sarcoscypha austriaca,"Sarcoscypha austriaca (O. Beck ex Sacc.) Boud., 1907",,,Fungi,Ascomycota,Pezizomycetes,Pezizales,Sarcoscyphaceae,Sarcoscypha,,Species,,,,,,,,,,Deciduous twig,"dead, litter-forming",,,,,,,,,,,
https://app.plutof.ut.ee/specimen/view/1536861,Yuliia Leshchenko,Yuliia Leshchenko,2021-03-16 13:31:07.106855+00:00,Yuliia Leshchenko,2022-12-12T14:04:58Z,CWU(MYC)8254,,,,,CWU - V. N. Karazin National University; V. N. Karazin Kharkiv National University,Department of Mycology and Plant Resistance,,,,,,,,,2020-03-15,,,Ihor Kantor,,48.645744,24.548319,,,,"Ukraine, Ivano-Frankivsk obl., Nadvirna region",300,MAP,Ukraine,,Ivano-Frankivsk obl.,Nadvirna region,,SRID=4326;POINT (24.548319 48.645744),2020-06-26,,,,Yuliia Leshchenko,Sarcoscypha austriaca,"Sarcoscypha austriaca (O. Beck ex Sacc.) Boud., 1907",,,Fungi,Ascomycota,Pezizomycetes,Pezizales,Sarcoscyphaceae,Sarcoscypha,,Species,deciduous forest with Fagus sylvatica,,,,,,,,,Deciduous twig,"dead, litter-forming",,,,,,,,,,,
https://app.plutof.ut.ee/specimen/view/1563221,Oleh Prylutskyi,Oleh Prylutskyi,2021-06-16 13:41:41.858461+00:00,Oleh Prylutskyi,2021-06-16T13:41:41Z,CWU(MYC)8490,,,,"excipulum hairs curved
https://www.inaturalist.org/observations/81694540",CWU - V. N. Karazin National University; V. N. Karazin Kharkiv National University,Department of Mycology and Plant Resistance,,,,,,,,,2021-05-27,,,Oleh Prylutskyi,Merefa vicinity,49.85452875,36.01629763,,,,Ukraine,66,GPS,Ukraine,,,,,SRID=4326;POINT (36.01629763 49.85452875),2021-05-27,,,in oculo nudo!,Oleh Prylutskyi,Sarcoscypha austriaca,"Sarcoscypha austriaca (O. Beck ex Sacc.) Boud., 1907",,,Fungi,Ascomycota,Pezizomycetes,Pezizales,Sarcoscyphaceae,Sarcoscypha,,Species,"Deciduous forest with Quercus robur, Tilia cordata, Fraxinus excelsior, Acer campestre",,,,,,,,,Deciduous twig,,,,,,,,,,,,
https://app.plutof.ut.ee/specimen/view/1650761,Irja Saar,Irja Saar,2022-03-11 08:04:22.187239+00:00,Irja Saar,2022-03-11T08:04:22Z,TUF102048,,,,,TUF - University of Tartu; Natural History Museum and Botanical Garden; Natural History Museum; Mycological Collections,,,,CWU(MYC)D0343,,,,,,2012-04-12,,,Iryna Yatsiuk,Chuguevo-Babchanskiy forest,49.90866,36.71175,,,,"Ukraine, Kharkiv, Kochetock",10,GPS,Ukraine,,Kharkiv,Kochetock,,SRID=4326;POINT (36.71175 49.90866),2012-04-12,,,,Iryna Yatsiuk,Sarcoscypha austriaca,"Sarcoscypha austriaca (O. Beck ex Sacc.) Boud., 1907",,,Fungi,Ascomycota,Pezizomycetes,Pezizales,Sarcoscyphaceae,Sarcoscypha,,Species,"Marshy place in oak forest (Quercus robur, Acer campestre, Acer platanoides, Corylus avellana, Prunus padus)",,,,,,,,,Deciduous branch,On dead branches buried into the ground,,,,,,,Old-growth,,150,,
https://app.plutof.ut.ee/specimen/view/1650906,Irja Saar,Irja Saar,2022-03-11 08:22:10.030646+00:00,Irja Saar,2022-03-11T08:22:10Z,TUF113149,,,,,TUF - University of Tartu; Natural History Museum and Botanical Garden; Natural History Museum; Mycological Collections,,,,CWU(MYC)D0509,,,,,,2017-04-17,,,Iryna Yatsiuk,Kharkiv Forest-Park,50.083552,36.26603,,,,"Ukraine, Kharkiv, Kharkiv",10,GPS,Ukraine,,Kharkiv,Kharkiv,,SRID=4326;POINT (36.26603 50.083552),2017-04-17,,,,Iryna Yatsiuk,Sarcoscypha austriaca,"Sarcoscypha austriaca (O. Beck ex Sacc.) Boud., 1907",,,Fungi,Ascomycota,Pezizomycetes,Pezizales,Sarcoscyphaceae,Sarcoscypha,,Species,Aspen grove in upland oak forest,,,,,,,,,Deciduous branch,On dead branches buried into the ground,,,,,,,,,60,,
https://app.plutof.ut.ee/specimen/view/1650917,Irja Saar,Irja Saar,2022-03-11 08:23:10.842936+00:00,Irja Saar,2022-03-11T08:23:11Z,TUF113297,,,,,TUF - University of Tartu; Natural History Museum and Botanical Garden; Natural History Museum; Mycological Collections,,,,CWU(MYC)D0519,,,,,,2017-05-01,,,Iryna Yatsiuk,"National Park ""Homilsha forest"", Koropivs'ke forestry",49.611985,36.324863,,,,"Ukraine, Kharkiv, Zmiiv",10,GPS,Ukraine,,Kharkiv,Zmiiv,,SRID=4326;POINT (36.324863 49.611985),2017-05-01,,,,Iryna Yatsiuk,Sarcoscypha austriaca,"Sarcoscypha austriaca (O. Beck ex Sacc.) Boud., 1907",,,Fungi,Ascomycota,Pezizomycetes,Pezizales,Sarcoscyphaceae,Sarcoscypha,,Species,Aspen grove in upland oak forest,,,,,,,,,Deciduous branch,On dead branches buried into the ground,,,,,,,,,70,,
https://app.plutof.ut.ee/specimen/view/1650918,Irja Saar,Irja Saar,2022-03-11 08:23:45.776817+00:00,Irja Saar,2022-03-11T08:23:46Z,TUF113298,,,,,TUF - University of Tartu; Natural History Museum and Botanical Garden; Natural History Museum; Mycological Collections,,,,CWU(MYC)D0524,,,,,,2017-05-01,,,Iryna Yatsiuk,"National Park ""Homilsha forest"", Koropivs'ke forestry",49.60669625,36.32751032,,,,"Ukraine, Kharkiv, Zmiiv",10,GPS,Ukraine,,Kharkiv,Zmiiv,,SRID=4326;POINT (36.32751032 49.60669625),2017-05-01,,,,Iryna Yatsiuk,Sarcoscypha austriaca,"Sarcoscypha austriaca (O. Beck ex Sacc.) Boud., 1907",,,Fungi,Ascomycota,Pezizomycetes,Pezizales,Sarcoscyphaceae,Sarcoscypha,,Species,Oak forest,,,,,,,,,Deciduous branch,On dead branches buried into the ground,,,,,,,,,,,
https://app.plutof.ut.ee/specimen/view/1650919,Irja Saar,Irja Saar,2022-03-11 08:24:24.281609+00:00,Irja Saar,2022-03-11T08:24:24Z,TUF113299,,,,,TUF - University of Tartu; Natural History Museum and Botanical Garden; Natural History Museum; Mycological Collections,,,,CWU(MYC)D0535,,,,,,2017-04-17,,,Yana Hetman,,50.600241,33.392214,,,,"Ukraine, Sumy, Perekopivka",500,MAP,Ukraine,,Sumy,Perekopivka,,SRID=4326;POINT (33.392214 50.600241),2017-04-19,,,,Iryna Yatsiuk,Sarcoscypha austriaca,"Sarcoscypha austriaca (O. Beck ex Sacc.) Boud., 1907",,,Fungi,Ascomycota,Pezizomycetes,Pezizales,Sarcoscyphaceae,Sarcoscypha,,Species,Upland oak forest,,,,,,,,,Deciduous branch,On dead branches buried into the ground,,,,,,,,,,,
https://app.plutof.ut.ee/specimen/view/1650920,Irja Saar,Irja Saar,2022-03-11 08:25:22.410262+00:00,Irja Saar,2022-03-11T08:25:23Z,TUF113300,,,,,TUF - University of Tartu; Natural History Museum and Botanical Garden; Natural History Museum; Mycological Collections,,,,CWU(MYC)D1001,,,,,,2019-03-26,,,Iryna Yatsiuk,"National Park ""Homilsha forest"", Koropivs'ke forestry",49.60071,36.31787358,,,,"Ukraine, Kharkiv, Zmiiv",10,GPS,Ukraine,,Kharkiv,Zmiiv,,SRID=4326;POINT (36.31787358 49.60071),2019-03-26,,,,Iryna Yatsiuk,Sarcoscypha,"Sarcoscypha (Fr.) Boud., 1885",,,Fungi,Ascomycota,Pezizomycetes,Pezizales,Sarcoscyphaceae,,,Genus,"Upland oak forest (Acer platanoides, Acer campestre, Fraxinus excelsior, Tilia cordata, Quercus robur, grasses - Carex pilosa)",,,,,,,,,Deciduous branch,On dead branches buried into the ground,,,,,,,,,50,,
https://app.plutof.ut.ee/specimen/view/1650923,Irja Saar,Irja Saar,2022-03-11 08:27:15.473811+00:00,Irja Saar,2022-03-11T08:27:15Z,TUF114027,,,,,TUF - University of Tartu; Natural History Museum and Botanical Garden; Natural History Museum; Mycological Collections,,,,CWU(MYC)D1003,,,,,,2019-03-26,,,Iryna Yatsiuk,"National Park ""Homilsha forest"", Koropivs'ke forestry",49.59719312,36.31772458,,,,"Ukraine, Kharkiv, Zmiiv",10,GPS,Ukraine,,Kharkiv,Zmiiv,,SRID=4326;POINT (36.31772458 49.59719312),2019-03-26,,,,Iryna Yatsiuk,Sarcoscypha,"Sarcoscypha (Fr.) Boud., 1885",,,Fungi,Ascomycota,Pezizomycetes,Pezizales,Sarcoscyphaceae,,,Genus,"Oak forest, on ravine slope (Acer platanoides, Acer campestre, Fraxinus excelsior, Populus tremula, Quercus robur, grasses - Aegopodium podagraria)",,,,,,,,,,On dead branches buried into the ground,,,,,,,,,60,,
https://app.plutof.ut.ee/specimen/view/1650926,Irja Saar,Irja Saar,2022-03-11 08:27:49.517302+00:00,Irja Saar,2022-03-11T08:27:50Z,TUF114028,,,,,TUF - University of Tartu; Natural History Museum and Botanical Garden; Natural History Museum; Mycological Collections,,,,CWU(MYC)D1004,,,,,,2019-03-26,,,Iryna Yatsiuk,"National Park ""Homilsha forest"", Koropivs'ke forestry",49.59721438,36.31801,,,,"Ukraine, Kharkiv, Zmiiv",10,GPS,Ukraine,,Kharkiv,Zmiiv,,SRID=4326;POINT (36.31801 49.59721438),2019-03-26,,,,Iryna Yatsiuk,Sarcoscypha,"Sarcoscypha (Fr.) Boud., 1885",,,Fungi,Ascomycota,Pezizomycetes,Pezizales,Sarcoscyphaceae,,,Genus,"Oak forest, on ravine slope (Acer platanoides, Acer campestre, Fraxinus excelsior, Populus tremula, Quercus robur, grasses - Aegopodium podagraria)",,,,,,,,,,On dead branches buried into the ground,,,,,,,Old-growth,,60,,
https://app.plutof.ut.ee/specimen/view/1650940,Irja Saar,Irja Saar,2022-03-11 08:28:17.433793+00:00,Irja Saar,2022-03-11T08:28:17Z,TUF114029,,,,,TUF - University of Tartu; Natural History Museum and Botanical Garden; Natural History Museum; Mycological Collections,,,,CWU(MYC)D1005,,,,,,2019-03-26,,,Iryna Yatsiuk,"National Park ""Homilsha forest"", Koropivs'ke forestry",49.59698529,36.31981999,,,,"Ukraine, Kharkiv, Zmiiv",10,GPS,Ukraine,,Kharkiv,Zmiiv,,SRID=4326;POINT (36.31981999 49.59698529),2019-03-26,,,,Iryna Yatsiuk,Sarcoscypha austriaca,"Sarcoscypha austriaca (O. Beck ex Sacc.) Boud., 1907",,,Fungi,Ascomycota,Pezizomycetes,Pezizales,Sarcoscyphaceae,Sarcoscypha,,Species,"Oak forest, on ravine slope (Acer platanoides, Acer campestre, Fraxinus excelsior, Populus tremula, Quercus robur, grasses - Aegopodium podagraria)",,,,,,,,,,On dead branches buried into the ground,,,,,,,,,60,,
https://app.plutof.ut.ee/specimen/view/1651006,Irja Saar,Irja Saar,2022-03-11 09:28:18.329223+00:00,Irja Saar,2022-03-11T09:28:18Z,TUF113388,,,,,TUF - University of Tartu; Natural History Museum and Botanical Garden; Natural History Museum; Mycological Collections,,,,CWU(MYC)D1002,,,,,,2019-03-26,,,Iryna Yatsiuk,"National Park ""Homilsha forest"", Koropivs'ke forestry",49.59716305,36.31363627,,,,"Ukraine, Kharkiv Oblast, Zmiivs'kyi district",10,GPS,Ukraine,,Kharkiv Oblast,Zmiivs'kyi district,,SRID=4326;POINT (36.31363627 49.59716305),2019-03-26,,,,Iryna Yatsiuk,Sarcoscypha,"Sarcoscypha (Fr.) Boud., 1885",,,Fungi,Ascomycota,Pezizomycetes,Pezizales,Sarcoscyphaceae,,,Genus,"Oak forest, on ravine slope (Acer platanoides, Acer campestre, Fraxinus excelsior, Populus tremula, Quercus robur, grasses - Aegopodium podagraria)",,,,,,,,,,On dead branches buried into the ground,,,,,,,Old-growth,,60,,
