"scientific_name","coordUncert","x","y","source"
"Sarcoscypha sp",50,31.51245,49.73228,"FB"
"Sarcoscypha sp",30,25.7795722,48.2168592,"FB"
"Sarcoscypha sp",30,36.310838,49.597858,"GBIF"
"Sarcoscypha sp",30,36.317725,49.597193,"GBIF"
"Sarcoscypha sp",30,36.311047,49.597783,"GBIF"
"Sarcoscypha sp",30,36.307615,49.593892,"GBIF"
"Sarcoscypha sp",30,36.31255,49.590718,"GBIF"
"Sarcoscypha sp",30,36.27268,50.08422,"GBIF"
"Sarcoscypha sp",30,36.280833,50.085243,"GBIF"
"Sarcoscypha sp",30,36.332804,49.601477,"GBIF"
"Sarcoscypha sp",30,36.322357,49.617944,"GBIF"
"Sarcoscypha sp",30,36.323755,49.617708,"GBIF"
"Sarcoscypha sp",30,36.332399,49.600943,"GBIF"
"Sarcoscypha sp",30,36.333791,49.601252,"GBIF"
"Sarcoscypha sp",30,36.266767,50.090956,"GBIF"
"Sarcoscypha sp",30,36.266495,50.08809,"GBIF"
"Sarcoscypha sp",30,36.272526,50.083279,"GBIF"
"Sarcoscypha sp",30,36.265625,50.087535,"GBIF"
"Sarcoscypha sp",30,36.26922583,50.08474821,"GBIF"
"Sarcoscypha sp",30,36.26631109,50.08835478,"GBIF"
"Sarcoscypha sp",30,36.32470903,49.611407,"GBIF"
"Sarcoscypha sp",30,36.321714,49.617873,"GBIF"
"Sarcoscypha sp",30,33.637546,44.677103,"iNaturalist"
"Sarcoscypha sp",30,36.334142,49.60551,"iNaturalist"
"Sarcoscypha sp",30,36.31741,49.578081,"iNaturalist"
"Sarcoscypha sp",30,36.323736,49.609811,"iNaturalist"
"Sarcoscypha sp",30,33.923037,51.248711,"iNaturalist"
"Sarcoscypha sp",30,33.857923,44.556986,"iNaturalist"
"Sarcoscypha sp",30,23.931577,49.902404,"iNaturalist"
"Sarcoscypha sp",30,36.16952,49.887057,"iNaturalist"
"Sarcoscypha sp",30,36.30715,49.60569,"iNaturalist"
"Sarcoscypha sp",30,36.30353,49.57455,"iNaturalist"
"Sarcoscypha sp",30,36.29734,49.57169,"iNaturalist"
"Sarcoscypha sp",30,30.496046,50.343791,"iNaturalist"
"Sarcoscypha sp",30,30.506703,50.345541,"iNaturalist"
"Sarcoscypha sp",30,30.50926,50.376591,"iNaturalist"
"Sarcoscypha sp",30,30.509937,50.376736,"iNaturalist"
"Sarcoscypha sp",30,33.525367,44.61665,"iNaturalist"
"Sarcoscypha sp",30,26.495242,50.730275,"iNaturalist"
"Sarcoscypha sp",30,34.039474,44.812413,"iNaturalist"
"Sarcoscypha sp",30,30.511585,50.381593,"iNaturalist"
"Sarcoscypha sp",30,33.164845,50.880751,"iNaturalist"
"Sarcoscypha sp",30,30.498057,50.371027,"iNaturalist"
"Sarcoscypha sp",30,36.324909,49.613785,"iNaturalist"
"Sarcoscypha sp",30,24.180084,48.975764,"iNaturalist"
"Sarcoscypha sp",30,24.557861,48.643139,"personal_comm"
"Sarcoscypha sp",30,24.556083,48.584361,"personal_comm"
"Sarcoscypha sp",30,24.586222,48.612861,"personal_comm"
"Sarcoscypha sp",30,24.564472,48.649167,"personal_comm"
"Sarcoscypha sp",50,26.051574,51.730121,"UkrBin"
"Sarcoscypha sp",50,30.506836,50.345488,"UkrBin"
"Sarcoscypha sp",50,32.057687,49.566555,"UkrBin"
"Sarcoscypha sp",50,32.215367,49.144857,"UkrBin"
"Sarcoscypha sp",50,24.262664,49.684161,"UkrBin"
"Sarcoscypha sp",50,24.035687,49.62629,"UkrBin"
"Sarcoscypha sp",50,24.126694,49.369111,"UkrBin"
"Sarcoscypha sp",50,24.738516,48.972786,"UkrBin"
"Sarcoscypha sp",50,25.217493,49.965989,"UkrBin"
"Sarcoscypha sp",50,25.952313,50.76336,"UkrBin"
"Sarcoscypha sp",50,25.935078,50.768991,"UkrBin"
"Sarcoscypha sp",50,25.806581,48.155255,"UkrBin"
"Sarcoscypha sp",50,26.247096,50.676872,"UkrBin"
"Sarcoscypha sp",50,24.307819,49.272106,"UkrBin"
"Sarcoscypha sp",50,24.218092,49.698396,"UkrBin"
"Sarcoscypha sp",50,23.474511,49.601537,"UkrBin"
"Sarcoscypha sp",50,31.005872,47.996514,"FB"
"Sarcoscypha sp",50,35.17714,47.74358,"FB"
"Sarcoscypha sp",50,25.418524,49.03756,"FB"
"Sarcoscypha sp",30,25.754749,50.07552,"FB"
"Sarcoscypha sp",50,23.165569,48.325359,"FB"
"Sarcoscypha sp",50,23.167304,48.326862,"FB"
"Sarcoscypha sp",100,24.30894,49.27275,"FB"
"Sarcoscypha sp",50,24.26598,49.20483,"personal_comm"
"Sarcoscypha sp",50,22.995107,49.450031,"FB"
"Sarcoscypha sp",50,22.996485,49.449976,"UkrBin"
"Sarcoscypha sp",50,29.0668,51.08586,"FB"
"Sarcoscypha sp",50,24.595629,48.405035,"FB"
"Sarcoscypha sp",50,23.7233333,49.0308611,"FB"
"Sarcoscypha sp",50,23.370507,49.61983,"UkrBin"
"Sarcoscypha sp",50,24.069944,49.820306,"UkrBin"
"Sarcoscypha sp",50,23.994581,49.509247,"UkrBin"
"Sarcoscypha sp",50,31.665237,49.365467,"UkrBin"
"Sarcoscypha sp",50,30.43794,50.529667,"personal_comm"
"Sarcoscypha sp",100,30.504722,50.370333,"personal_comm"
"Sarcoscypha sp",50,30.165861,50.683667,"personal_comm"
"Sarcoscypha sp",50,29.925278,50.740417,"personal_comm"
"Sarcoscypha sp",100,30.681028,50.534528,"personal_comm"
"Sarcoscypha sp",50,25.520285,49.529779,"personal_comm"
"Sarcoscypha sp",50,22.3676236,48.5967969,"FB"
"Sarcoscypha sp",50,30.523861,50.358639,"FB"
"Sarcoscypha sp",30,30.6381214,51.511566554,"FB"
"Sarcoscypha sp",50,26.118586,49.337136,"FB"
"Sarcoscypha sp",50,25.55579,49.578592,"personal_comm"
"Sarcoscypha sp",50,35.17714,47.74358,"FB"
"Sarcoscypha sp",50,24.610475,48.405953,"personal_comm"
"Sarcoscypha sp",30,25.6616961,48.1072016,"personal_comm"
"Sarcoscypha sp",30,25.6616961,48.1072016,"personal_comm"
"Sarcoscypha sp",30,25.6616961,48.1072016,"personal_comm"
"Sarcoscypha sp",30,25.6616961,48.1072016,"personal_comm"
"Sarcoscypha sp",30,25.8056942,48.165646,"personal_comm"
"Sarcoscypha sp",30,25.9174709,48.2944852,"personal_comm"
"Sarcoscypha sp",30,25.9174709,48.2944852,"personal_comm"
"Sarcoscypha sp",30,25.7795722,48.2168592,"personal_comm"
"Sarcoscypha sp",30,25.7795722,48.2168592,"personal_comm"
"Sarcoscypha sp",30,25.7795722,48.2168592,"personal_comm"
"Sarcoscypha sp",30,25.7795722,48.2168592,"personal_comm"
"Sarcoscypha sp",200,27.603057,50.3507134,"FB"
"Sarcoscypha sp",200,25.9888,48.29333388,"FB"
"Sarcoscypha sp",50,26.1876806,49.22165,"FB"
"Sarcoscypha sp",50,26.1928944,49.2213806,"FB"
"Sarcoscypha sp",50,25.8283152,49.13477933,"FB"
"Sarcoscypha sp",200,25.934145,50.770014,"UkrBin"
"Sarcoscypha sp",200,24.062583,49.824611,"UkrBin"
"Sarcoscypha sp",200,24.067306,49.827972,"UkrBin"
"Sarcoscypha sp",200,26.250876,50.679836,"FB"
"Sarcoscypha sp",50,28.7205946,50.7460605,"FB"
"Sarcoscypha sp",50,31.46990108,51.01815947,"FB"
"Sarcoscypha sp",200,32.3405507,48.8607447,"FB"
"Sarcoscypha sp",50,33.330599,49.032563,"FB"
"Sarcoscypha sp",200,25.811238,48.4354968,"FB"
"Sarcoscypha sp",200,30.483837,50.350355,"UkrBin"
"Sarcoscypha sp",200,25.953844,50.763053,"UkrBin"
"Sarcoscypha sp",200,30.134334,49.742596,"UkrBin"
"Sarcoscypha sp",31,33.6431890189,44.4723553642,"iNaturalist"
"Sarcoscypha sp",5,24.1800844297,48.9757636562,"iNaturalist"
"Sarcoscypha sp",31,30.4980569036,50.3710267644,"iNaturalist"
"Sarcoscypha sp",31,33.1648447359,50.8807513323,"iNaturalist"
"Sarcoscypha sp",10,30.5099374289,50.3767357132,"iNaturalist"
"Sarcoscypha sp",10,30.5092602863,50.3765908348,"iNaturalist"
"Sarcoscypha sp",8,30.5067032331,50.3455405986,"iNaturalist"
"Sarcoscypha sp",15,30.4960462077,50.3437905717,"iNaturalist"
"Sarcoscypha sp",31,31.2553038274,50.04306563,"iNaturalist"
"Sarcoscypha sp",65,23.9315769969,49.9024036368,"iNaturalist"
"Sarcoscypha sp",122,34.3225935322,44.6231416107,"iNaturalist"
"Sarcoscypha sp",15,36.3240836041,49.6180291909,"iNaturalist"
"Sarcoscypha sp",61,24.3705224991,50.9864318744,"iNaturalist"
"Sarcoscypha sp",61,35.1767548656,50.1074788642,"iNaturalist"
"Sarcoscypha sp",61,35.0461183011,50.9489724043,"iNaturalist"
"Sarcoscypha sp",61,36.2400890937,49.5082371869,"iNaturalist"
"Sarcoscypha sp",61,36.3065750874,49.6092884882,"iNaturalist"
"Sarcoscypha sp",61,36.3174100594,49.578080746,"iNaturalist"
"Sarcoscypha sp",122,32.5902667354,50.2139890179,"iNaturalist"
"Sarcoscypha sp",31,30.4989931677,50.2564035917,"iNaturalist"
"Sarcoscypha sp",31,30.4956870142,50.3693706018,"iNaturalist"
"Sarcoscypha sp",15,31.4886139372,49.7223150713,"iNaturalist"
"Sarcoscypha sp",15,31.4870157841,49.7239153807,"iNaturalist"
"Sarcoscypha sp",4,34.3225691368,44.6290707686,"iNaturalist"
"Sarcoscypha sp",14,34.3469574415,44.7608192561,"iNaturalist"
"Sarcoscypha sp",21,30.4693166667,50.34222,"iNaturalist"
"Sarcoscypha sp",2,32.2393730777,49.137225292,"iNaturalist"
"Sarcoscypha sp",30,33.6605234286,44.6393812333,"iNaturalist"
"Sarcoscypha sp",30,33.164845,50.880751,"iNaturalist"
"Sarcoscypha sp",15,35.0500493476,44.9157947037,"iNaturalist"
"Sarcoscypha sp",8,35.0484710549,44.9150730573,"iNaturalist"
"Sarcoscypha sp",200,33.8284894874,44.6508544365,"iNaturalist"
"Sarcoscypha sp",15,31.016750105,49.9888638362,"iNaturalist"
"Sarcoscypha sp",31,30.517595701,50.3632860018,"iNaturalist"
"Sarcoscypha sp",31,30.5211081746,50.3615017628,"iNaturalist"
"Sarcoscypha sp",14,27.4561824799,49.2679481506,"iNaturalist"
"Sarcoscypha sp",2,30.4904579689,50.3417435059,"iNaturalist"
"Sarcoscypha sp",24,30.5188903213,50.3608362117,"iNaturalist"
"Sarcoscypha sp",94,31.0735835797,49.9658663686,"iNaturalist"
"Sarcoscypha sp",85,30.5188862892,50.3331937455,"iNaturalist"
"Sarcoscypha sp",31,31.2174157757,50.6905117822,"iNaturalist"
"Sarcoscypha sp",31,34.7947083274,44.9264299196,"iNaturalist"
"Sarcoscypha sp",100,34.9031895199,44.9413639694,"iNaturalist"
"Sarcoscypha sp",39,23.0793285881,48.4086001526,"iNaturalist"
"Sarcoscypha sp",15,31.1381302421,50.607597675,"iNaturalist"
"Sarcoscypha sp",4,30.28895231,48.09028924,"iNaturalist"
"Sarcoscypha sp",15,30.5039017017,50.3398549257,"iNaturalist"
"Sarcoscypha sp",47,33.665829,44.470795,"iNaturalist"
"Sarcoscypha sp",2,30.4992113929,50.3516210223,"iNaturalist"
"Sarcoscypha sp",4,36.830378129,50.3055719617,"iNaturalist"
"Sarcoscypha sp",161,24.5589329829,48.6515488949,"iNaturalist"
"Sarcoscypha sp",2,30.4610872814,50.3490309138,"iNaturalist"
"Sarcoscypha sp",10,30.3559684195,49.7157548228,"iNaturalist"
"Sarcoscypha sp",9,30.5499131694,50.3080320605,"iNaturalist"
"Sarcoscypha sp",53,30.294979848,50.2927787245,"iNaturalist"
"Sarcoscypha sp",4,30.4659147739,50.3482759805,"iNaturalist"
"Sarcoscypha sp",5,30.6558350288,50.4881118285,"iNaturalist"
"Sarcoscypha sp",31,27.6892640242,50.1541482054,"iNaturalist"
"Sarcoscypha sp",15,30.3445390889,50.4116791922,"iNaturalist"
"Sarcoscypha sp",15,30.5117119876,50.3460386438,"iNaturalist"
"Sarcoscypha sp",16,36.3238033333,49.6070583333,"iNaturalist"
"Sarcoscypha sp",24,36.3234716667,49.6073033333,"iNaturalist"
"Sarcoscypha sp",64,36.3229,49.6084666667,"iNaturalist"
"Sarcoscypha sp",32,36.3219216667,49.6044966667,"iNaturalist"
"Sarcoscypha sp",24,36.3055916667,49.601375,"iNaturalist"
"Sarcoscypha sp",10,30.2731936053,49.7336805705,"iNaturalist"
"Sarcoscypha sp",33,30.536334632,48.320988284,"iNaturalist"
"Sarcoscypha sp",24,34.9272916667,50.3961533333,"iNaturalist"
"Sarcoscypha sp",122,26.2007570576,49.1897510261,"iNaturalist"
"Sarcoscypha sp",71,33.9247422293,44.7396891724,"iNaturalist"
"Sarcoscypha sp",61,35.0700371273,44.9492958776,"iNaturalist"
"Sarcoscypha sp",61,35.0899592505,44.9120062352,"iNaturalist"
"Sarcoscypha sp",122,35.193842909,45.018975038,"iNaturalist"
"Sarcoscypha sp",61,35.0501128342,44.9158057939,"iNaturalist"
"Sarcoscypha sp",61,35.0875387842,44.9353428624,"iNaturalist"
"Sarcoscypha sp",61,35.0683554614,44.9533383911,"iNaturalist"
"Sarcoscypha sp",61,35.0677351173,44.9580061067,"iNaturalist"
"Sarcoscypha sp",9,36.32288612,49.61798837,"iNaturalist"
"Sarcoscypha sp",61,27.713916474,50.1305297637,"iNaturalist"
"Sarcoscypha sp",61,26.2078477282,49.2051956465,"iNaturalist"
"Sarcoscypha sp",31,30.0149616532,51.5080083646,"iNaturalist"
"Sarcoscypha sp",15,31.0602143597,49.9637097183,"iNaturalist"
"Sarcoscypha sp",8,27.7384658994,50.0996989016,"iNaturalist"
"Sarcoscypha sp",31,35.0336933978,44.9218103923,"iNaturalist"
"Sarcoscypha sp",4,24.3698116124,50.9705774266,"iNaturalist"
"Sarcoscypha sp",8,30.3554386575,49.1325393042,"iNaturalist"
"Sarcoscypha sp",4,31.931636021,49.197596538,"iNaturalist"
"Sarcoscypha sp",15,33.843998774,44.4546850965,"iNaturalist"
"Sarcoscypha sp",57,33.8465916667,44.5506366667,"iNaturalist"
"Sarcoscypha sp",4,24.06905,49.8461116667,"iNaturalist"
"Sarcoscypha sp",61,34.2898497363,44.657949413,"iNaturalist"
"Sarcoscypha sp",5,23.988525,50.1536445,"iNaturalist"
"Sarcoscypha sp",32,31.2047583333,49.31848,"iNaturalist"
"Sarcoscypha sp",165,32.4904133333,50.3275116667,"iNaturalist"
"Sarcoscypha sp",30,31.0630230207,51.0748449146,"iNaturalist"
"Sarcoscypha sp",4,24.0416721667,49.8217583333,"iNaturalist"
"Sarcoscypha sp",5,23.4039585013,49.1998810787,"iNaturalist"
"Sarcoscypha sp",3,23.5195616667,49.0204388333,"iNaturalist"
"Sarcoscypha sp",5,27.815546,49.5836479722,"iNaturalist"
"Sarcoscypha sp",100,32.4958982088,50.3343543224,"iNaturalist"
"Sarcoscypha sp",1,25.1759837316,49.8739542263,"iNaturalist"
"Sarcoscypha sp",122,36.1329811689,49.9236528746,"iNaturalist"
"Sarcoscypha sp",122,36.1329811689,49.9236528746,"iNaturalist"
"Sarcoscypha sp",122,36.1329811689,49.9236528746,"iNaturalist"
"Sarcoscypha sp",4,24.1186909121,47.9438543339,"iNaturalist"
"Sarcoscypha sp",97,34.8093723133,45.0229925356,"iNaturalist"
"Sarcoscypha sp",31,34.810516356,45.0210789315,"iNaturalist"
"Sarcoscypha sp",196,29.3856446072,50.0854063545,"iNaturalist"
"Sarcoscypha sp",2,25.1738716667,49.8724916667,"iNaturalist"
"Sarcoscypha sp",8,22.3192416667,48.6520216667,"iNaturalist"
"Sarcoscypha sp",10,30.4963602872,50.3771966306,"iNaturalist"
"Sarcoscypha sp",4,33.4318293142,50.3812722355,"iNaturalist"
"Sarcoscypha sp",48,32.6246493682,51.5544692361,"iNaturalist"
"Sarcoscypha sp",5,30.505455,50.3851409722,"iNaturalist"
"Sarcoscypha sp",8,32.5412472445,48.779480968,"iNaturalist"
"Sarcoscypha sp",31,35.0380373279,44.8829433362,"iNaturalist"
"Sarcoscypha sp",31,30.2316243609,48.951200054,"iNaturalist"
"Sarcoscypha sp",20,24.3240216667,49.8949883433,"iNaturalist"
"Sarcoscypha sp",26,26.7884511364,48.6853266293,"iNaturalist"
"Sarcoscypha sp",169,30.521017,50.390965,"iNaturalist"
"Sarcoscypha sp",84,30.523575,50.389351,"iNaturalist"
"Sarcoscypha sp",15,30.2099533219,50.3374673872,"iNaturalist"
"Sarcoscypha sp",6,32.6386616667,50.0864195,"iNaturalist"
"Sarcoscypha sp",8,31.5342994378,49.7236014454,"iNaturalist"
"Sarcoscypha sp",8,31.5357936639,49.7237123373,"iNaturalist"
"Sarcoscypha sp",8,31.5172689745,49.7253400011,"iNaturalist"
"Sarcoscypha sp",4,23.898195,49.7973333333,"iNaturalist"
"Sarcoscypha sp",15,30.5158471214,50.3787855907,"iNaturalist"
"Sarcoscypha sp",32,24.7397033333,48.97467,"iNaturalist"
"Sarcoscypha sp",31,25.4083865469,50.8196700088,"iNaturalist"
"Sarcoscypha sp",6,32.2536529922,49.1612259205,"iNaturalist"
"Sarcoscypha sp",19,32.2546883333,49.1605528333,"iNaturalist"
"Sarcoscypha sp",8,30.2618359641,50.5326486421,"iNaturalist"
"Sarcoscypha sp",3,31.2971944444,51.5207944444,"iNaturalist"
"Sarcoscypha sp",61,30.882466358,51.1302912274,"iNaturalist"
"Sarcoscypha sp",109,26.0345149487,50.8470646118,"iNaturalist"
"Sarcoscypha sp",31,32.2490769104,49.164433526,"iNaturalist"
"Sarcoscypha sp",31,32.2498141125,49.1648958914,"iNaturalist"
"Sarcoscypha sp",31,32.2483786368,49.1613830005,"iNaturalist"
"Sarcoscypha sp",5,30.4980779722,50.3844729722,"iNaturalist"
"Sarcoscypha sp",29,32.2442256287,49.1613396994,"iNaturalist"
"Sarcoscypha sp",1,23.7724449562,48.7578064153,"iNaturalist"
"Sarcoscypha sp",8,23.8210838638,48.822804988,"iNaturalist"
"Sarcoscypha sp",8,30.4688926177,50.346767499,"iNaturalist"
"Sarcoscypha sp",8,30.4677582019,50.3444722855,"iNaturalist"
"Sarcoscypha sp",42,30.1417677104,49.7421668198,"iNaturalist"
"Sarcoscypha sp",2,30.4610522115,50.3490723877,"iNaturalist"
"Sarcoscypha sp",2,30.4670418127,50.3462410544,"iNaturalist"
"Sarcoscypha sp",2,25.1095283333,49.945235,"iNaturalist"
"Sarcoscypha sp",5,30.4937719722,50.384224,"iNaturalist"
"Sarcoscypha sp",2,30.5016390187,50.3805787324,"iNaturalist"
"Sarcoscypha sp",61,25.4068673404,50.8214884426,"iNaturalist"
"Sarcoscypha sp",9,30.56261445,50.41079081,"iNaturalist"
"Sarcoscypha sp",15,30.4946275976,50.3738606078,"iNaturalist"
"Sarcoscypha sp",4,26.5449395718,50.3096324939,"iNaturalist"
"Sarcoscypha sp",4,26.5468030239,50.3108097969,"iNaturalist"
"Sarcoscypha sp",4,26.5463803927,50.3111169854,"iNaturalist"
"Sarcoscypha sp",4,26.5469056348,50.3107763367,"iNaturalist"
"Sarcoscypha sp",31,27.6741944649,50.0874106716,"iNaturalist"
"Sarcoscypha sp",5,30.4975389722,50.3844169722,"iNaturalist"
"Sarcoscypha sp",4,33.4251790653,50.382208163,"iNaturalist"
"Sarcoscypha sp",31,31.4071411711,49.9309061449,"iNaturalist"
"Sarcoscypha sp",2,30.5806833513,50.4442044545,"iNaturalist"
"Sarcoscypha sp",8,30.2485564481,49.0105731336,"iNaturalist"
"Sarcoscypha sp",8,28.9967366667,48.4367116667,"iNaturalist"
"Sarcoscypha sp",122,32.2598886449,50.817871645,"iNaturalist"
"Sarcoscypha sp",140,31.8846165016,50.990897963,"iNaturalist"
"Sarcoscypha sp",15,24.7363313253,48.9836675469,"iNaturalist"
"Sarcoscypha sp",8,35.1042190013,45.0145611576,"iNaturalist"
"Sarcoscypha sp",8,35.1049056468,45.0147545621,"iNaturalist"
"Sarcoscypha sp",8,35.105594231,45.014333622,"iNaturalist"
"Sarcoscypha sp",31,34.369628508,44.7266734444,"iNaturalist"
"Sarcoscypha sp",11,25.9534356608,50.763136188,"iNaturalist"
"Sarcoscypha sp",15,25.95446644,50.7630452961,"iNaturalist"
"Sarcoscypha sp",15,25.948355264,50.7638660589,"iNaturalist"
"Sarcoscypha sp",15,25.9352311722,50.7689579729,"iNaturalist"
"Sarcoscypha sp",11,25.9609984525,50.7618824482,"iNaturalist"
"Sarcoscypha sp",26,35.520695056,48.7199468151,"iNaturalist"
"Sarcoscypha sp",15,25.952348063,50.7634067787,"iNaturalist"
"Sarcoscypha sp",128,23.4382953644,49.2722206116,"iNaturalist"
"Sarcoscypha sp",5,23.9235716667,49.932705,"iNaturalist"
"Sarcoscypha sp",61,30.3537359559,48.9295960182,"iNaturalist"
"Sarcoscypha sp",4,30.3558855616,48.9328122106,"iNaturalist"
"Sarcoscypha sp",5,30.4991629722,50.380037,"iNaturalist"
"Sarcoscypha sp",31,33.8272673629,44.6504489793,"iNaturalist"
"Sarcoscypha sp",15,33.8289133085,44.651248415,"iNaturalist"
"Sarcoscypha sp",6,24.5542983333,48.6470616667,"iNaturalist"
"Sarcoscypha sp",80,34.6016361643,47.6565211974,"iNaturalist"
"Sarcoscypha sp",31,34.9622523976,44.9704271434,"iNaturalist"
"Sarcoscypha sp",11,33.832045,44.63253,"iNaturalist"
"Sarcoscypha sp",20,24.11513989,47.94276577,"iNaturalist"
"Sarcoscypha sp",31,23.7535721677,49.8998353761,"iNaturalist"
"Sarcoscypha sp",8,23.7535333166,49.8998074656,"iNaturalist"
"Sarcoscypha sp",36,24.0236905217,49.8226834462,"iNaturalist"
"Sarcoscypha sp",61,24.9189964682,48.9055237962,"iNaturalist"
"Sarcoscypha sp",16,22.425195,48.6813866667,"iNaturalist"
"Sarcoscypha sp",61,35.0318506196,44.9856415079,"iNaturalist"
"Sarcoscypha sp",4,26.5994937782,50.2429687915,"iNaturalist"
"Sarcoscypha sp",15,29.3668155,48.8352669324,"iNaturalist"
"Sarcoscypha sp",7,30.49857,50.3749466667,"iNaturalist"
"Sarcoscypha sp",4,32.2302466667,49.1144971667,"iNaturalist"
"Sarcoscypha sp",9,30.5659064278,50.4144585953,"iNaturalist"
"Sarcoscypha sp",13,25.9727740288,51.6808403349,"iNaturalist"
"Sarcoscypha sp",15,30.5048150052,50.3456616087,"iNaturalist"
"Sarcoscypha sp",4,23.36664679,48.18534763,"iNaturalist"
"Sarcoscypha sp",9,30.5360356718,50.3614808705,"iNaturalist"
"Sarcoscypha sp",31,25.4042099482,50.8278733923,"iNaturalist"
"Sarcoscypha sp",8,22.7729033679,48.4555024753,"iNaturalist"
"Sarcoscypha sp",2,30.5333797731,50.3639902919,"iNaturalist"
"Sarcoscypha sp",15,33.7597714126,44.6016931298,"iNaturalist"
"Sarcoscypha sp",4,30.5172333333,50.3656883333,"iNaturalist"
"Sarcoscypha sp",148,25.9600174427,51.6509744507,"iNaturalist"
"Sarcoscypha sp",15,24.27009208,47.97371536,"iNaturalist"
"Sarcoscypha sp",2,30.4669131679,50.3453351381,"iNaturalist"
"Sarcoscypha sp",8,30.49909885,50.37349397,"iNaturalist"
"Sarcoscypha sp",15,31.0754587024,49.9707528176,"iNaturalist"
"Sarcoscypha sp",122,31.0200922457,50.0016213759,"iNaturalist"
"Sarcoscypha sp",30,25.9665432572,51.6786206914,"iNaturalist"
"Sarcoscypha sp",61,36.0150601453,49.7401716426,"iNaturalist"
"Sarcoscypha sp",4,33.4343325408,50.3809668258,"iNaturalist"
"Sarcoscypha sp",15,26.2374410457,49.1804590338,"iNaturalist"
"Sarcoscypha sp",15,26.2378425419,49.1804800735,"iNaturalist"
"Sarcoscypha sp",3,34.0916583333,44.6076383333,"iNaturalist"
"Sarcoscypha sp",16,33.9862866667,44.7471383333,"iNaturalist"
"Sarcoscypha sp",9,29.8733530194,50.0541530949,"iNaturalist"
"Sarcoscypha sp",4,33.4341503998,50.380651414,"iNaturalist"
"Sarcoscypha sp",8,34.3212859581,44.5670407724,"iNaturalist"
"Sarcoscypha sp",4,30.5669538861,50.4119179006,"iNaturalist"
"Sarcoscypha sp",114,26.5847243651,48.6393595931,"iNaturalist"
"Sarcoscypha sp",15,30.4901814873,50.365308215,"iNaturalist"
"Sarcoscypha sp",13,24.16568858,48.02424409,"iNaturalist"
"Sarcoscypha sp",31,32.505566052,49.9921431679,"iNaturalist"
"Sarcoscypha sp",17,30.5238133333,50.3893,"iNaturalist"
"Sarcoscypha sp",15,30.229241273,50.3009122243,"iNaturalist"
"Sarcoscypha sp",18,35.19067,50.1357388333,"iNaturalist"
"Sarcoscypha sp",4,30.5671028674,50.4119622469,"iNaturalist"
"Sarcoscypha sp",4,25.553383585,50.7226140412,"iNaturalist"
"Sarcoscypha sp",81,24.2422616667,51.234955,"iNaturalist"
"Sarcoscypha sp",4,23.6437055556,48.3807527778,"iNaturalist"
"Sarcoscypha sp",4,23.6437277778,48.3807472222,"iNaturalist"
"Sarcoscypha sp",4,33.2024741266,51.2804702158,"iNaturalist"
"Sarcoscypha sp",1,25.91402,50.9092716667,"iNaturalist"
"Sarcoscypha sp",8,33.2170094568,51.3127572189,"iNaturalist"
"Sarcoscypha sp",15,31.4450939287,50.3747141723,"iNaturalist"
"Sarcoscypha sp",4,31.0759520222,49.9710771363,"iNaturalist"
"Sarcoscypha sp",15,24.7513865989,49.668292688,"iNaturalist"
"Sarcoscypha sp",31,24.7397361036,49.677108454,"iNaturalist"
"Sarcoscypha sp",15,30.510081787,50.3457147064,"iNaturalist"
"Sarcoscypha sp",2,28.3715013143,49.2289582718,"iNaturalist"
"Sarcoscypha sp",16,25.3109805556,48.8280555556,"iNaturalist"
"Sarcoscypha sp",12,25.3001777778,48.8346555556,"iNaturalist"
"Sarcoscypha sp",15,30.0904002865,49.3675954066,"iNaturalist"
"Sarcoscypha sp",15,31.8184558034,50.1550663357,"iNaturalist"
"Sarcoscypha sp",31,30.4796042325,50.4076011588,"iNaturalist"
"Sarcoscypha sp",15,30.8197851592,49.1196279794,"iNaturalist"
"Sarcoscypha sp",4,32.1808464919,49.6152759774,"iNaturalist"
"Sarcoscypha sp",4,32.1809671913,49.6152551232,"iNaturalist"
"Sarcoscypha sp",4,23.3563411401,48.1849164244,"iNaturalist"
"Sarcoscypha sp",113,26.8832052872,48.8504126345,"iNaturalist"
"Sarcoscypha sp",165,23.887604624,49.7801090688,"iNaturalist"
"Sarcoscypha sp",122,25.2244630862,49.9410622234,"iNaturalist"
"Sarcoscypha sp",65,25.7547268331,50.9706897449,"iNaturalist"
"Sarcoscypha sp",61,34.3544499149,44.751397958,"iNaturalist"
"Sarcoscypha sp",96,30.5213277787,50.3636432155,"iNaturalist"
"Sarcoscypha sp",61,30.5171920003,50.3643090542,"iNaturalist"
"Sarcoscypha sp",131,30.5221931029,50.3627762554,"iNaturalist"
"Sarcoscypha sp",64,30.5196579744,50.3640671545,"iNaturalist"
"Sarcoscypha sp",26,25.4292502351,50.842936243,"iNaturalist"
"Sarcoscypha sp",15,30.523660808,50.3609729701,"iNaturalist"
"Sarcoscypha sp",85,33.6747077107,44.4687704708,"iNaturalist"
"Sarcoscypha sp",9,29.06134644,51.09014377,"iNaturalist"
"Sarcoscypha sp",140,30.5187668264,50.3635656785,"iNaturalist"
"Sarcoscypha sp",140,30.5187668264,50.3635656785,"iNaturalist"
"Sarcoscypha sp",140,30.5187668264,50.3635656785,"iNaturalist"
"Sarcoscypha sp",134,30.5207409323,50.3639408574,"iNaturalist"
"Sarcoscypha sp",11,22.7728876435,48.1392040458,"iNaturalist"
"Sarcoscypha sp",79,30.5194130167,50.3634130834,"iNaturalist"
"Sarcoscypha sp",102,26.1951828003,49.2141799555,"iNaturalist"
"Sarcoscypha sp",10,24.02794594,49.57661977,"iNaturalist"
"Sarcoscypha sp",11,24.11038963,47.93917229,"iNaturalist"
"Sarcoscypha sp",169,25.706336461,51.727865279,"iNaturalist"
"Sarcoscypha sp",15,30.4946221182,50.3435443993,"iNaturalist"
"Sarcoscypha sp",131,30.5143712213,50.3638805687,"iNaturalist"
"Sarcoscypha sp",56,30.4991221852,50.374232041,"iNaturalist"
"Sarcoscypha sp",2,30.566998,50.411953,"iNaturalist"
"Sarcoscypha sp",2,30.566965,50.411941,"iNaturalist"
"Sarcoscypha sp",4,30.2190575,50.38612856,"iNaturalist"
"Sarcoscypha sp",8,23.089045,48.0313933333,"iNaturalist"
"Sarcoscypha sp",7,30.50528,50.3853016667,"iNaturalist"
"Sarcoscypha sp",61,30.515103685,50.3645133629,"iNaturalist"
"Sarcoscypha sp",15,30.2477194385,48.9892675808,"iNaturalist"
"Sarcoscypha sp",15,30.5281167009,50.3626842534,"iNaturalist"
"Sarcoscypha sp",31,24.0503280259,48.0538948528,"iNaturalist"
"Sarcoscypha sp",4,26.5994917101,50.2426571438,"iNaturalist"
"Sarcoscypha sp",4,26.5988930269,50.2428789727,"iNaturalist"
"Sarcoscypha sp",2,31.9353133155,49.197057407,"iNaturalist"
"Sarcoscypha sp",31,31.0789962121,49.9690054909,"iNaturalist"
"Sarcoscypha sp",94,30.513685236,50.3649867056,"iNaturalist"
"Sarcoscypha sp",94,30.513685236,50.3649867056,"iNaturalist"
"Sarcoscypha sp",31,29.1020638507,49.8953415397,"iNaturalist"
"Sarcoscypha sp",2,29.2615333333,51.1356783333,"iNaturalist"
"Sarcoscypha sp",7,29.1353283333,51.1793733333,"iNaturalist"
"Sarcoscypha sp",9,23.88185842,49.15020639,"iNaturalist"
"Sarcoscypha sp",4,25.61702,51.64965,"iNaturalist"
"Sarcoscypha sp",15,30.5692451451,50.4137278365,"iNaturalist"
"Sarcoscypha sp",67,24.35415693,47.95556568,"iNaturalist"
"Sarcoscypha sp",15,30.5036444357,50.3400475835,"iNaturalist"
"Sarcoscypha sp",2,30.566945,50.411892,"iNaturalist"
"Sarcoscypha sp",2,30.5669267678,50.4118807008,"iNaturalist"
"Sarcoscypha sp",2,30.5669275432,50.4118469822,"iNaturalist"
"Sarcoscypha sp",122,30.516124214,50.3646692576,"iNaturalist"
"Sarcoscypha sp",4,30.5139122009,50.3597984314,"iNaturalist"
"Sarcoscypha sp",4,33.4317888469,50.3815782648,"iNaturalist"
"Sarcoscypha sp",120,24.4917882979,50.8042585344,"iNaturalist"
"Sarcoscypha sp",1,22.42798,48.4660116667,"iNaturalist"
"Sarcoscypha sp",5,22.855905,48.3346166667,"iNaturalist"
"Sarcoscypha sp",9,22.86072219,48.33597085,"iNaturalist"
"Sarcoscypha sp",32,22.3729216667,48.6489616667,"iNaturalist"
"Sarcoscypha sp",1,22.795045,48.2268633333,"iNaturalist"
"Sarcoscypha sp",4,28.4230466667,49.2553716667,"iNaturalist"
"Sarcoscypha sp",165,31.2847129628,51.2607995278,"iNaturalist"
"Sarcoscypha sp",4,34.5906533333,49.8085466667,"iNaturalist"
"Sarcoscypha sp",80,25.7154713944,51.8299240883,"iNaturalist"
"Sarcoscypha sp",61,30.5161900561,50.3639873905,"iNaturalist"
"Sarcoscypha sp",4,24.0218333333,49.6215833333,"iNaturalist"
"Sarcoscypha sp",4,32.2779216667,49.1189695,"iNaturalist"
"Sarcoscypha sp",5,23.6378916667,48.3872972222,"iNaturalist"
"Sarcoscypha sp",4,28.09775,49.9054666667,"iNaturalist"
"Sarcoscypha sp",5,30.23702989,50.42569657,"iNaturalist"
"Sarcoscypha sp",8,27.0391725044,49.4496783165,"iNaturalist"
"Sarcoscypha sp",8,27.0282314066,49.4598468533,"iNaturalist"
"Sarcoscypha sp",73,24.4007980451,50.8220750906,"iNaturalist"
"Sarcoscypha sp",189,31.5344524384,49.7227434725,"iNaturalist"
"Sarcoscypha sp",4,26.00604312,50.72119715,"iNaturalist"
"Sarcoscypha sp",122,26.0068888833,50.72103,"iNaturalist"
"Sarcoscypha sp",5,26.23895921,50.72027005,"iNaturalist"
"Sarcoscypha sp",7,25.547605,49.5010833333,"iNaturalist"
"Sarcoscypha sp",31,35.1661045833,49.7688241125,"iNaturalist"
"Sarcoscypha sp",4,31.7771463139,50.4772572836,"iNaturalist"
"Sarcoscypha sp",10,31.785605,50.4915666667,"iNaturalist"
"Sarcoscypha sp",4,28.52922,50.2469416667,"iNaturalist"
"Sarcoscypha sp",15,34.6373032215,49.6511747552,"iNaturalist"
"Sarcoscypha sp",2,22.7701128647,48.7985519925,"iNaturalist"
"Sarcoscypha sp",3,22.7701978572,48.798510544,"iNaturalist"
"Sarcoscypha sp",28,30.4999019009,50.3723050196,"iNaturalist"
"Sarcoscypha sp",5,30.4998567165,50.3722731243,"iNaturalist"
"Sarcoscypha sp",7,30.4999692296,50.3723374283,"iNaturalist"
"Sarcoscypha sp",2,30.4999554796,50.3723282565,"iNaturalist"
"Sarcoscypha sp",7,30.4999515158,50.372430596,"iNaturalist"
"Sarcoscypha sp",150,29.6034164384,50.433562833,"iNaturalist"
"Sarcoscypha sp",15,31.2577058387,50.0463556784,"iNaturalist"
"Sarcoscypha sp",64,23.1566121744,48.7119354353,"iNaturalist"
"Sarcoscypha sp",3,30.59067,50.0125,"iNaturalist"
"Sarcoscypha sp",5,30.5669076947,50.4118556368,"iNaturalist"
"Sarcoscypha sp",15,23.4868675587,49.0482429881,"iNaturalist"
"Sarcoscypha sp",20,23.720035,49.500017,"GBIF"
"Sarcoscypha sp",4,23.366647,48.185348,"GBIF"
"Sarcoscypha sp",15,30.523661,50.360973,"GBIF"
"Sarcoscypha sp",39,23.079329,48.4086,"GBIF"
"Sarcoscypha sp",2,28.371501,49.228958,"GBIF"
"Sarcoscypha sp",15,30.510082,50.345715,"GBIF"
"Sarcoscypha sp",16,25.310981,48.828056,"GBIF"
"Sarcoscypha sp",12,25.300178,48.834656,"GBIF"
"Sarcoscypha sp",4,23.356341,48.184916,"GBIF"
"Sarcoscypha sp",15,30.0904,49.367595,"GBIF"
"Sarcoscypha sp",15,30.819785,49.119628,"GBIF"
"Sarcoscypha sp",31,30.479604,50.407601,"GBIF"
"Sarcoscypha sp",4,32.180846,49.615276,"GBIF"
"Sarcoscypha sp",4,32.180967,49.615255,"GBIF"
"Sarcoscypha sp",36,24.023691,49.822683,"GBIF"
"Sarcoscypha sp",15,31.445094,50.374714,"GBIF"
"Sarcoscypha sp",15,30.490181,50.365308,"GBIF"
"Sarcoscypha sp",15,24.751387,49.668293,"GBIF"
"Sarcoscypha sp",31,24.739736,49.677108,"GBIF"
"Sarcoscypha sp",15,31.818456,50.155066,"GBIF"
"Sarcoscypha sp",4,30.566954,50.411918,"GBIF"
"Sarcoscypha sp",61,36.01506,49.740172,"GBIF"
"Sarcoscypha sp",30,25.966543,51.678621,"GBIF"
"Sarcoscypha sp",15,30.504815,50.345662,"GBIF"
"Sarcoscypha sp",13,25.972774,51.68084,"GBIF"
"Sarcoscypha sp",9,30.565906,50.414459,"GBIF"
"Sarcoscypha sp",4,26.599494,50.242969,"GBIF"
"Sarcoscypha sp",148,25.960017,51.650974,"GBIF"
"Sarcoscypha sp",2,30.53338,50.36399,"GBIF"
"Sarcoscypha sp",9,30.536036,50.361481,"GBIF"
"Sarcoscypha sp",4,32.230247,49.114497,"GBIF"
"Sarcoscypha sp",7,30.49857,50.374947,"GBIF"
"Sarcoscypha sp",61,35.031851,44.985642,"GBIF"
"Sarcoscypha sp",16,22.425195,48.681387,"GBIF"
"Sarcoscypha sp",31,34.962252,44.970427,"GBIF"
"Sarcoscypha sp",15,30.344539,50.411679,"GBIF"
"Sarcoscypha sp",21,30.469317,50.34222,"GBIF"
"Sarcoscypha sp",31,27.689264,50.154148,"GBIF"
"Sarcoscypha sp",15,31.488614,49.722315,"GBIF"
"Sarcoscypha sp",16,36.323803,49.607058,"GBIF"
"Sarcoscypha sp",31,33.164845,50.880751,"GBIF"
"Sarcoscypha sp",14,34.346957,44.760819,"GBIF"
"Sarcoscypha sp",8,23.753533,49.899807,"GBIF"
"Sarcoscypha sp",31,23.753572,49.899835,"GBIF"
"Sarcoscypha sp",11,33.832045,44.63253,"GBIF"
"Sarcoscypha sp",122,32.590267,50.213989,"GBIF"
"Sarcoscypha sp",4,34.322569,44.629071,"GBIF"
"Sarcoscypha sp",31,30.498993,50.256404,"GBIF"
"Sarcoscypha sp",15,30.496046,50.343791,"GBIF"
"Sarcoscypha sp",24,36.323472,49.607303,"GBIF"
"Sarcoscypha sp",32,36.321922,49.604497,"GBIF"
"Sarcoscypha sp",24,36.305592,49.601375,"GBIF"
"Sarcoscypha sp",64,36.3229,49.608467,"GBIF"
"Sarcoscypha sp",65,23.931577,49.902404,"GBIF"
"Sarcoscypha sp",31,31.255304,50.043066,"GBIF"
"Sarcoscypha sp",15,30.511712,50.346039,"GBIF"
"Sarcoscypha sp",15,33.828913,44.651248,"GBIF"
"Sarcoscypha sp",6,24.554298,48.647062,"GBIF"
"Sarcoscypha sp",61,35.087539,44.935343,"GBIF"
"Sarcoscypha sp",61,30.353736,48.929596,"GBIF"
"Sarcoscypha sp",31,33.827267,44.650449,"GBIF"
"Sarcoscypha sp",4,30.355886,48.932812,"GBIF"
"Sarcoscypha sp",122,36.132981,49.923653,"GBIF"
"Sarcoscypha sp",4,24.041672,49.821758,"GBIF"
"Sarcoscypha sp",61,35.050113,44.915806,"GBIF"
"Sarcoscypha sp",8,27.738466,50.099699,"GBIF"
"Sarcoscypha sp",8,31.517269,49.72534,"GBIF"
"Sarcoscypha sp",100,34.90319,44.941364,"GBIF"
"Sarcoscypha sp",85,30.518886,50.333194,"GBIF"
"Sarcoscypha sp",4,26.546906,50.310776,"GBIF"
"Sarcoscypha sp",61,36.240089,49.508237,"GBIF"
"Sarcoscypha sp",31,31.217416,50.690512,"GBIF"
"Sarcoscypha sp",196,29.385645,50.085406,"GBIF"
"Sarcoscypha sp",122,36.132981,49.923653,"GBIF"
"Sarcoscypha sp",6,32.638662,50.08642,"GBIF"
"Sarcoscypha sp",15,31.01675,49.988864,"GBIF"
"Sarcoscypha sp",53,30.29498,50.292779,"GBIF"
"Sarcoscypha sp",2,30.461087,50.349031,"GBIF"
"Sarcoscypha sp",71,33.924742,44.739689,"GBIF"
"Sarcoscypha sp",4,33.425179,50.382208,"GBIF"
"Sarcoscypha sp",8,30.467758,50.344472,"GBIF"
"Sarcoscypha sp",15,25.948355,50.763866,"GBIF"
"Sarcoscypha sp",31,35.038037,44.882943,"GBIF"
"Sarcoscypha sp",8,35.104906,45.014755,"GBIF"
"Sarcoscypha sp",165,32.490413,50.327512,"GBIF"
"Sarcoscypha sp",2,30.501639,50.380579,"GBIF"
"Sarcoscypha sp",8,30.468893,50.346767,"GBIF"
"Sarcoscypha sp",31,30.231624,48.9512,"GBIF"
"Sarcoscypha sp",30,33.164845,50.880751,"GBIF"
"Sarcoscypha sp",15,25.935231,50.768958,"GBIF"
"Sarcoscypha sp",15,33.843999,44.454685,"GBIF"
"Sarcoscypha sp",24,30.51889,50.360836,"GBIF"
"Sarcoscypha sp",31,27.674194,50.087411,"GBIF"
"Sarcoscypha sp",5,27.815546,49.583648,"GBIF"
"Sarcoscypha sp",61,35.070037,44.949296,"GBIF"
"Sarcoscypha sp",61,34.28985,44.657949,"GBIF"
"Sarcoscypha sp",4,26.546803,50.31081,"GBIF"
"Sarcoscypha sp",4,26.54494,50.309632,"GBIF"
"Sarcoscypha sp",33,30.536335,48.320988,"GBIF"
"Sarcoscypha sp",26,35.520695,48.719947,"GBIF"
"Sarcoscypha sp",100,32.495898,50.334354,"GBIF"
"Sarcoscypha sp",11,25.960998,50.761882,"GBIF"
"Sarcoscypha sp",6,32.253653,49.161226,"GBIF"
"Sarcoscypha sp",80,34.601636,47.656521,"GBIF"
"Sarcoscypha sp",5,30.499163,50.380037,"GBIF"
"Sarcoscypha sp",2,30.499211,50.351621,"GBIF"
"Sarcoscypha sp",8,35.104219,45.014561,"GBIF"
"Sarcoscypha sp",19,32.254688,49.160553,"GBIF"
"Sarcoscypha sp",94,31.073584,49.965866,"GBIF"
"Sarcoscypha sp",61,26.207848,49.205196,"GBIF"
"Sarcoscypha sp",5,30.655835,50.488112,"GBIF"
"Sarcoscypha sp",31,30.521108,50.361502,"GBIF"
"Sarcoscypha sp",47,33.665829,44.470795,"GBIF"
"Sarcoscypha sp",31,30.517596,50.363286,"GBIF"
"Sarcoscypha sp",2,30.580683,50.444204,"GBIF"
"Sarcoscypha sp",32,31.204758,49.31848,"GBIF"
"Sarcoscypha sp",15,25.952348,50.763407,"GBIF"
"Sarcoscypha sp",15,31.060214,49.96371,"GBIF"
"Sarcoscypha sp",15,25.954466,50.763045,"GBIF"
"Sarcoscypha sp",122,36.132981,49.923653,"GBIF"
"Sarcoscypha sp",4,26.54638,50.311117,"GBIF"
"Sarcoscypha sp",5,30.498078,50.384473,"GBIF"
"Sarcoscypha sp",4,33.431829,50.381272,"GBIF"
"Sarcoscypha sp",2,30.490458,50.341744,"GBIF"
"Sarcoscypha sp",31,32.249077,49.164434,"GBIF"
"Sarcoscypha sp",15,30.209953,50.337467,"GBIF"
"Sarcoscypha sp",31,34.794708,44.92643,"GBIF"
"Sarcoscypha sp",5,30.505455,50.385141,"GBIF"
"Sarcoscypha sp",57,33.846592,44.550637,"GBIF"
"Sarcoscypha sp",31,34.369629,44.726673,"GBIF"
"Sarcoscypha sp",9,30.549913,50.308032,"GBIF"
"Sarcoscypha sp",140,31.884617,50.990898,"GBIF"
"Sarcoscypha sp",8,30.248556,49.010573,"GBIF"
"Sarcoscypha sp",61,30.882466,51.130291,"GBIF"
"Sarcoscypha sp",3,23.519562,49.020439,"GBIF"
"Sarcoscypha sp",14,27.456182,49.267948,"GBIF"
"Sarcoscypha sp",8,22.319242,48.652022,"GBIF"
"Sarcoscypha sp",8,35.105594,45.014334,"GBIF"
"Sarcoscypha sp",8,31.535794,49.723712,"GBIF"
"Sarcoscypha sp",8,31.534299,49.723601,"GBIF"
"Sarcoscypha sp",11,25.953436,50.763136,"GBIF"
"Sarcoscypha sp",5,30.497539,50.384417,"GBIF"
"Sarcoscypha sp",15,30.515847,50.378786,"GBIF"
"Sarcoscypha sp",4,24.06905,49.846112,"GBIF"
"Sarcoscypha sp",122,32.259889,50.817872,"GBIF"
"Sarcoscypha sp",4,36.830378,50.305572,"GBIF"
"Sarcoscypha sp",61,27.713916,50.13053,"GBIF"
"Sarcoscypha sp",30,31.063023,51.074845,"GBIF"
"Sarcoscypha sp",31,32.248379,49.161383,"GBIF"
"Sarcoscypha sp",31,31.407141,49.930906,"GBIF"
"Sarcoscypha sp",5,23.988525,50.153645,"GBIF"
"Sarcoscypha sp",15,31.13813,50.607598,"GBIF"
"Sarcoscypha sp",61,35.089959,44.912006,"GBIF"
"Sarcoscypha sp",15,30.503902,50.339855,"GBIF"
"Sarcoscypha sp",15,36.324084,49.618029,"GBIF"
"Sarcoscypha sp",61,35.046118,50.948972,"GBIF"
"Sarcoscypha sp",61,36.306575,49.609288,"GBIF"
"Sarcoscypha sp",61,35.176755,50.107479,"GBIF"
"Sarcoscypha sp",48,32.624649,51.554469,"GBIF"
"Sarcoscypha sp",10,35.176553,50.103739,"GBIF"
"Sarcoscypha sp",5,30.493772,50.384224,"GBIF"
"Sarcoscypha sp",2,25.109528,49.945235,"GBIF"
"Sarcoscypha sp",2,30.467042,50.346241,"GBIF"
"Sarcoscypha sp",2,30.461052,50.349072,"GBIF"
"Sarcoscypha sp",3,31.297194,51.520794,"GBIF"
"Sarcoscypha sp",31,32.249814,49.164896,"GBIF"
"Sarcoscypha sp",26,26.788451,48.685327,"GBIF"
"Sarcoscypha sp",84,30.523575,50.389351,"GBIF"
"Sarcoscypha sp",169,30.521017,50.390965,"GBIF"
"Sarcoscypha sp",66,36.016298,49.854529,"GBIF"
"Sarcoscypha sp",2,25.173872,49.872492,"GBIF"
"Sarcoscypha sp",10,36.317874,49.60071,"GBIF"
"Sarcoscypha sp",10,36.324863,49.611985,"GBIF"
"Sarcoscypha sp",10,36.26603,50.083552,"GBIF"
"Sarcoscypha sp",10,36.313636,49.597163,"GBIF"
"Sarcoscypha sp",10,36.31982,49.596985,"GBIF"
"Sarcoscypha sp",10,36.31801,49.597214,"GBIF"
"Sarcoscypha sp",10,36.32751,49.606696,"GBIF"
"Sarcoscypha sp",10,36.317725,49.597193,"GBIF"
"Sarcoscypha sp",10,36.71175,49.90866,"GBIF"
"Sarcoscypha sp",97,34.809372,45.022993,"GBIF"
"Sarcoscypha sp",122,35.193843,45.018975,"GBIF"
"Sarcoscypha sp",31,35.033693,44.92181,"GBIF"
"Sarcoscypha sp",1,25.175984,49.873954,"GBIF"
"Sarcoscypha sp",4,24.369812,50.970577,"GBIF"
"Sarcoscypha sp",61,24.370522,50.986432,"GBIF"
"Sarcoscypha sp",31,30.498057,50.371027,"GBIF"
"Sarcoscypha sp",10,30.50926,50.376591,"GBIF"
"Sarcoscypha sp",10,30.509937,50.376736,"GBIF"
"Sarcoscypha sp",31,30.014962,51.508008,"GBIF"
"Sarcoscypha sp",200,30.42122,48.931722,"GBIF"
"Sarcoscypha sp",4,30.465915,50.348276,"GBIF"
"Sarcoscypha sp",122,34.322594,44.623142,"GBIF"
"Sarcoscypha sp",8,30.506703,50.345541,"GBIF"
"Sarcoscypha sp",200,33.828489,44.650854,"GBIF"
"Sarcoscypha sp",30,33.660523,44.639381,"GBIF"
"Sarcoscypha sp",8,35.048471,44.915073,"GBIF"
"Sarcoscypha sp",15,35.050049,44.915795,"GBIF"
"Sarcoscypha sp",10,36.324863,49.611985,"GBIF"
"Sarcoscypha sp",10,36.31982,49.596985,"GBIF"
"Sarcoscypha sp",10,35.04395,50.948882,"GBIF"
"Sarcoscypha sp",10,36.26603,50.083552,"GBIF"
"Sarcoscypha sp",10,36.333244,49.601039,"GBIF"
"Sarcoscypha sp",10,36.71175,49.90866,"GBIF"
"Sarcoscypha sp",10,36.31801,49.597214,"GBIF"
"Sarcoscypha sp",10,36.317874,49.60071,"GBIF"
"Sarcoscypha sp",10,36.317725,49.597193,"GBIF"
"Sarcoscypha sp",10,36.32751,49.606696,"GBIF"
"Sarcoscypha sp",10,36.31839,49.604623,"GBIF"
"Sarcoscypha sp",10,36.723089,49.905769,"GBIF"
"Sarcoscypha sp",10,36.315051,49.597696,"GBIF"
"Sarcoscypha sp",10,36.315676,49.600775,"GBIF"
"Sarcoscypha sp",10,36.314129,49.604623,"GBIF"
"Sarcoscypha sp",10,36.30725,49.591889,"GBIF"
"Sarcoscypha sp",100,36.32615,49.582,"GBIF"
"Sarcoscypha sp",10,36.312375,49.597781,"GBIF"
"Sarcoscypha sp",10,35.176553,50.103739,"GBIF"
"Sarcoscypha sp",100,36.240604,49.508261,"GBIF"
"Sarcoscypha sp",10,36.334839,49.616861,"GBIF"
"Sarcoscypha sp",10,36.314129,49.604623,"GBIF"
"Sarcoscypha sp",10,36.307136,49.591893,"GBIF"
"Sarcoscypha sp",200,36.33033,49.54935,"GBIF"
"Sarcoscypha sp",10,36.312316,49.59789,"GBIF"
"Sarcoscypha sp",100,36.330963,49.61545,"GBIF"
"Sarcoscypha sp",100,36.32558,49.55961,"GBIF"
"Sarcoscypha sp",7,36.26605833,50.08362667,"PlutoF"
"Sarcoscypha sp",10,36.72308889,49.90576944,"PlutoF"
"Sarcoscypha sp",10,36.33483889,49.61686111,"PlutoF"
"Sarcoscypha sp",10,35.176553,50.103739,"PlutoF"
"Sarcoscypha sp",10,36.314129,49.604623,"PlutoF"
"Sarcoscypha sp",10,36.31839,49.604623,"PlutoF"
"Sarcoscypha sp",10,36.312316,49.59789,"PlutoF"
"Sarcoscypha sp",10,36.307136,49.591893,"PlutoF"
"Sarcoscypha sp",10,36.30725,49.591889,"PlutoF"
"Sarcoscypha sp",10,36.312375,49.597781,"PlutoF"
"Sarcoscypha sp",10,36.315051,49.597696,"PlutoF"
"Sarcoscypha sp",10,36.314129,49.604623,"PlutoF"
"Sarcoscypha sp",10,36.315676,49.600775,"PlutoF"
"Sarcoscypha sp",10,36.31787358,49.60071,"PlutoF"
"Sarcoscypha sp",10,36.31772458,49.59719312,"PlutoF"
"Sarcoscypha sp",10,36.31801,49.59721438,"PlutoF"
"Sarcoscypha sp",10,36.31981999,49.59698529,"PlutoF"
"Sarcoscypha sp",10,36.324863,49.611985,"PlutoF"
"Sarcoscypha sp",10,36.32751032,49.60669625,"PlutoF"
"Sarcoscypha sp",10,36.333244,49.60103868,"PlutoF"
"Sarcoscypha sp",10,36.71175,49.90866,"PlutoF"
"Sarcoscypha sp",10,35.04395,50.948882,"PlutoF"
"Sarcoscypha sp",10,36.26603,50.083552,"PlutoF"
"Sarcoscypha sp",100,36.240604,49.508261,"PlutoF"
"Sarcoscypha sp",100,36.32558,49.55961,"PlutoF"
"Sarcoscypha sp",100,36.330963,49.61545,"PlutoF"
"Sarcoscypha sp",200,36.33033,49.54935,"PlutoF"
"Sarcoscypha sp",100,36.32615,49.582,"PlutoF"
"Sarcoscypha sp",66,36.01629763,49.85452875,"PlutoF"
"Sarcoscypha sp",10,36.71175,49.90866,"PlutoF"
"Sarcoscypha sp",10,36.26603,50.083552,"PlutoF"
"Sarcoscypha sp",10,36.324863,49.611985,"PlutoF"
"Sarcoscypha sp",10,36.32751032,49.60669625,"PlutoF"
"Sarcoscypha sp",10,36.31787358,49.60071,"PlutoF"
"Sarcoscypha sp",10,36.31772458,49.59719312,"PlutoF"
"Sarcoscypha sp",10,36.31801,49.59721438,"PlutoF"
"Sarcoscypha sp",10,36.31981999,49.59698529,"PlutoF"
"Sarcoscypha sp",10,36.31363627,49.59716305,"PlutoF"
